
  ___  ____  ____  ____  ____ ®
 /__    /   ____/   /   ____/      StataNow 19.5
___/   /   /___/   /   /___/       MP—Parallel Edition

 Statistics and Data Science       Copyright 1985-2025 StataCorp LLC
                                   StataCorp
                                   4905 Lakeway Drive
                                   College Station, Texas 77845 USA
                                   800-782-8272        https://www.stata.com
                                   979-696-4600        service@stata.com

Stata license: 65-student 2-core lab, expiring 18 May 2026
Serial number: 501909312971
  Licensed to: Victor Ortega
               Columbia University

Notes:
      1. Stata is running in batch mode.
      2. Unicode is supported; see help unicode_advice.
      3. More than 2 billion observations are allowed; see help obs_advice.
      4. Maximum number of variables is set to 5,000 but can be increased;
          see help set_maxvar.

. do enigh-indlevel-month.do 

. *************************************************
. ***************** Clean Memory ******************
. *************************************************
. 
. clear

. cap clear

. cap log close

. set more off

. set linesize 250

. set varabbrev off

. 
. *** REPLICATION FILE: enigh-indlevel-month.do
. *** STATA VERSION:    StataNow 19.5
. *** AUTHORS:          Matías Carrasco, Victor Ortega Le Hénanff
. *** DATE:             2026-05-02
. 
. *** Builds the individual × month ENIGH panel for years 2016–2024.
. *** Canonical variable names — same contract as enigh-year.dta and the
. *** household-level files (modulo unit of observation and time index).
. ***
. *** Output: ../../data/clean/enigh/enigh-indlevel-month.dta
. *** Companion R script: enigh-indlevel-month.R (must produce the same variables / N).
. 
. cap mkdir log

. log using "log/enigh-indlevel-month.log", replace text
----------------------------------------------------------------------------------------------------------------------------------------------------------------------------------------------------------------------------------------------------------
      name:  <unnamed>
       log:  /Users/victorortega/Library/CloudStorage/Dropbox/CarrascoOrtega-minwage/code/build/log/enigh-indlevel-month.log
  log type:  text
 opened on:   4 May 2026, 09:05:05

. 
. include _helpers.do

. *************************************************
. *************** Shared Helpers ******************
. *************************************************
. 
. *** REPLICATION FILE: _helpers.do
. *** STATA VERSION:    StataNow 19.5
. *** AUTHORS:          Matías Carrasco, Victor Ortega Le Hénanff
. *** DATE:             2026-05-02
. 
. *** Sourced via `include _helpers.do` from every build script.
. *** Provides:
. ***   - tempfile $deflators        — INPC monthly deflators (base Aug 2024)
. ***   - global zlfn_munis          — list of 40 ZLFN municipality codes
. ***   - program apply_zlfn         — set zlfn = 1 if ubica_geo in zlfn_munis
. ***   - program apply_state_region — generate state, ent_name, region, macro
. ***   - program clean_ubica_geo    — 2016 9-digit -> 5-digit truncation
. ***   - program build_years_of_study — derive years_of_study from nivelaprob/gradoaprob
. ***   - program classify_clave     — generate clave_group from clave (P001-P108)
. 
. *************************************************
. **************** INPC Deflators ******************
. *************************************************
. 
. cap drop deflators_path

. global deflators_path "../../data/clean/inpc/inpc.csv"

. 
. *** Helper to load deflators into a tempfile.
. *** Sets $deflators_tf to the tempfile path. Caller must declare the tempfile
. *** in main scope so it persists beyond program execution.
. *** Usage:
. ***     tempfile defl_tf
. ***     load_deflators_to "`defl_tf'"
. cap program drop load_deflators_to

. program define load_deflators_to
  1.     args target
  2.     preserve
  3.     import delimited using "$deflators_path", clear varnames(1)
  4.     cap rename año_int year
  5.     cap rename mes month
  6.     drop fecha
  7.     drop inpc
  8.     gen mes_str = string(month)
  9.     replace mes_str = "0" + mes_str if month < 10
 10.     gen time = date(string(year) + "-" + mes_str, "YM")
 11.     format time %td
 12.     keep year month time deflator
 13.     save "`target'", replace
 14.     restore
 15. end

. 
. *************************************************
. ************** ZLFN Municipalities ***************
. *************************************************
. 
. *** 40 municipalities in the Zona Libre de la Frontera Norte (ZLFN)
. *** as defined by the Decreto del Estímulo Fiscal de la Frontera Norte (2018).
. *** Codes are 5-digit (state + municipality).
. global zlfn_munis ///
>     "02001 02002 02003 02004 02005 " ///
>     "05002 05012 05013 05014 05022 05023 05025 05038 " ///
>     "08005 08015 08028 08035 08037 08042 08052 08053 " ///
>     "19005 " ///
>     "26002 26004 26017 26019 26039 26043 26048 26055 26059 26060 26070 " ///
>     "28007 28014 28015 28022 28024 28025 28027 28032 28033 28040"

. 
. cap program drop apply_zlfn

. program define apply_zlfn
  1.     *** Generates zlfn (1/0) from ubica_geo (string, 5-digit).
.     *** Assumes ubica_geo has been cleaned to 5-digit form.
.     syntax , [Ugeo(string)]
  2.     if "`ugeo'" == "" local ugeo "ubica_geo"
  3.     cap drop zlfn
  4.     gen byte zlfn = 0
  5.     label variable zlfn "ZLFN treatment municipality (1=yes)"
  6.     foreach m of global zlfn_munis {
  7.         replace zlfn = 1 if `ugeo' == "`m'"
  8.     }
  9. end

. 
. *************************************************
. **************** ubica_geo Clean *****************
. *************************************************
. 
. cap program drop clean_ubica_geo

. program define clean_ubica_geo
  1.     *** Cleans ubica_geo to consistent 5-digit string (state+muni).
.     *** 2016 ENIGH stores 9-digit codes (state+muni+locality);
.     *** later years already store 5-digit. Truncate if needed.
.     args yr
  2.     cap confirm string variable ubica_geo
  3.     if _rc {
  4.         tostring ubica_geo, replace
  5.     }
  6.     *** Truncate any code longer than 5 digits to first 5 chars.
.     replace ubica_geo = substr(ubica_geo, 1, 5) if length(ubica_geo) > 5
  7.     *** Pad shorter codes with leading zeros (defensive).
.     replace ubica_geo = "0" + ubica_geo if length(ubica_geo) == 4
  8. end

. 
. *************************************************
. *************** State / Region *******************
. *************************************************
. 
. cap program drop apply_state_region

. program define apply_state_region
  1.     *** Generates state, ent_name, reg_num, reg_name, macro_num, macro_name
.     *** from ubica_geo (string, 5-digit, first 2 chars = state).
.     cap drop state
  2.     gen state = real(substr(ubica_geo, 1, 2))
  3.     label variable state "state code (2-digit)"
  4. 
.     label define _states ///
>         1 "Aguascalientes" 2 "Baja California" 3 "Baja California Sur" ///
>         4 "Campeche" 5 "Coahuila" 6 "Colima" 7 "Chiapas" 8 "Chihuahua" ///
>         9 "Ciudad de México" 10 "Durango" 11 "Guanajuato" 12 "Guerrero" ///
>         13 "Hidalgo" 14 "Jalisco" 15 "México" 16 "Michoacán" 17 "Morelos" ///
>         18 "Nayarit" 19 "Nuevo León" 20 "Oaxaca" 21 "Puebla" 22 "Querétaro" ///
>         23 "Quintana Roo" 24 "San Luis Potosí" 25 "Sinaloa" 26 "Sonora" ///
>         27 "Tabasco" 28 "Tamaulipas" 29 "Tlaxcala" 30 "Veracruz" ///
>         31 "Yucatán" 32 "Zacatecas", replace
  5.     label values state _states
  6. 
.     *** Persist as a string column too (so the variable list matches R parity)
.     cap drop ent_name
  7.     decode state, gen(ent_name)
  8. 
.     cap drop reg_num
  9.     gen byte reg_num = .
 10.     replace reg_num = 1 if inlist(state, 26, 25, 2, 3, 18)
 11.     replace reg_num = 2 if inlist(state, 5, 8, 10, 32, 24)
 12.     replace reg_num = 3 if inlist(state, 28, 19)
 13.     replace reg_num = 4 if inlist(state, 1, 14, 11, 6, 16)
 14.     replace reg_num = 5 if inlist(state, 22, 15, 9, 13, 17, 29, 21)
 15.     replace reg_num = 6 if inlist(state, 12, 20, 7)
 16.     replace reg_num = 7 if inlist(state, 27, 30)
 17.     replace reg_num = 8 if inlist(state, 4, 23, 31)
 18.     label variable reg_num "region (1-8)"
 19. 
.     label define _regs ///
>         1 "Northwest" 2 "North" 3 "Northeast" 4 "Center-West" ///
>         5 "Center-East" 6 "South" 7 "East" 8 "Peninsula", replace
 20.     label values reg_num _regs
 21.     cap drop reg_name
 22.     decode reg_num, gen(reg_name)
 23. 
.     cap drop macro_num
 24.     gen byte macro_num = .
 25.     replace macro_num = 1 if inlist(reg_num, 1, 2, 3)
 26.     replace macro_num = 2 if inlist(reg_num, 4, 5)
 27.     replace macro_num = 3 if inlist(reg_num, 6)
 28.     replace macro_num = 4 if inlist(reg_num, 7, 8)
 29.     label variable macro_num "macro region (1-4)"
 30. 
.     label define _macros ///
>         1 "Northern" 2 "Central" 3 "South" 4 "Eastern", replace
 31.     label values macro_num _macros
 32.     cap drop macro_name
 33.     decode macro_num, gen(macro_name)
 34. end

. 
. *************************************************
. ************* Years of Study *********************
. *************************************************
. 
. cap program drop build_years_of_study

. program define build_years_of_study
  1.     *** Derives years_of_study (0-25) from nivelaprob and gradoaprob.
.     *** Mexico education levels:
.     ***   niv 0,1 = none/preschool       -> 0
.     ***   niv 2   = primary (1-6)        -> grad
.     ***   niv 3   = secondary (1-3)      -> 6+grad
.     ***   niv 4   = upper secondary (1-3)-> 9+grad
.     ***   niv 5,6 = post-secondary tech  -> 12+grad capped 5
.     ***   niv 7   = bachelor's            -> 12+grad capped 5
.     ***   niv 8   = master's              -> 17+grad
.     ***   niv 9   = doctorate             -> 20+grad
.     cap destring nivelaprob, replace
  2.     cap destring gradoaprob, replace
  3.     cap drop years_of_study
  4.     gen years_of_study = .
  5.     replace years_of_study = 0                if inlist(nivelaprob, 0, 1)
  6.     replace years_of_study = min(gradoaprob, 6)         if nivelaprob == 2
  7.     replace years_of_study = 6  + min(gradoaprob, 3)    if nivelaprob == 3
  8.     replace years_of_study = 9  + min(gradoaprob, 3)    if nivelaprob == 4
  9.     replace years_of_study = 12 + min(gradoaprob, 5)    if inlist(nivelaprob, 5, 6, 7)
 10.     replace years_of_study = 17 + min(gradoaprob, 3)    if nivelaprob == 8
 11.     replace years_of_study = 20 + min(gradoaprob, 5)    if nivelaprob == 9
 12.     label variable years_of_study "years of completed schooling"
 13. end

. 
. *************************************************
. ************ Income Classification ***************
. *************************************************
. 
. cap program drop classify_clave

. program define classify_clave
  1.     *** Generates clave_group from clave (P001-P108) following the project
.     *** classification used in enigh-indlevel-year.R. Categories:
.     ***   wages, non_wage_income, gov_transfers, rentas, fin_capital,
.     ***   negocio, ventas, other.
.     cap drop clave_group
  2.     gen str20 clave_group = ""
  3.     replace clave_group = "wages"             if inlist(clave, "P001","P002","P011","P018","P019","P067")
  4.     replace clave_group = "non_wage_income"   if inlist(clave, "P003","P004","P005","P006","P007","P008")
  5.     replace clave_group = "non_wage_income"   if inlist(clave, "P009","P014","P015","P016")
  6.     replace clave_group = "gov_transfers"     if inlist(clave, "P032","P033","P038","P040","P042","P043","P044","P045")
  7.     replace clave_group = "gov_transfers"     if inlist(clave, "P046","P047","P048","P101","P102","P103","P104","P105")
  8.     replace clave_group = "gov_transfers"     if inlist(clave, "P106","P107","P108")
  9.     replace clave_group = "rentas"            if inlist(clave, "P023","P024","P025")
 10.     replace clave_group = "fin_capital"       if inlist(clave, "P026","P027","P028","P029","P030","P031","P050","P052")
 11.     replace clave_group = "fin_capital"       if inlist(clave, "P053","P064","P065","P066")
 12.     replace clave_group = "negocio"           if inlist(clave, "P068","P069","P070","P071","P072","P073","P074","P075")
 13.     replace clave_group = "negocio"           if inlist(clave, "P076","P077","P078","P079","P080","P081")
 14.     replace clave_group = "ventas"            if inlist(clave, "P054","P055","P056","P059","P060","P061","P062","P063")
 15.     replace clave_group = "other"             if inlist(clave, "P012","P013","P020","P021","P022","P034","P035","P036")
 16.     replace clave_group = "other"             if inlist(clave, "P037","P039","P041","P049","P051","P057","P058")
 17. end

. 
. *************************************************
. *************** Benefit Recoding *****************
. *************************************************
. 
. cap program drop rename_benefits

. program define rename_benefits
  1.     *** Renames pres_* benefit indicators to readable names.
.     *** 2016: pres_1-6 are medical institution codes; benefits start at pres_7.
.     *** 2018+: benefits start at pres_1.
.     *** After this step, both years share the same benefit variable names.
.     args yr
  2.     if `yr' == 2016 {
  3.         cap drop pres_1 pres_2 pres_3 pres_4 pres_5 pres_6
  4.         rename (pres_7 pres_8 pres_9 pres_10 pres_11 pres_12 pres_13 ///
>                 pres_14 pres_15 pres_16 pres_17 pres_18 pres_19 pres_20 ///
>                 pres_21 pres_22 pres_23 pres_24 pres_25 pres_26) ///
>                (incapacidad aguinaldo vacaciones utilidades credito_vivienda ///
>                 guarderias cuidados_parentales sar_afore seguro_vida prestamos ///
>                 prima_vacacional becas comedor fonacot despensa servicios_publicos ///
>                 pension_invalidez pension_familia otras_prestaciones sin_prestaciones)
  5.     }
  6.     else {
  7.         rename (pres_1 pres_2 pres_3 pres_4 pres_5 pres_6 pres_7 pres_8 pres_9 ///
>                 pres_10 pres_11 pres_12 pres_13 pres_14 pres_15 pres_16 pres_17 ///
>                 pres_18 pres_19 pres_20) ///
>                (incapacidad aguinaldo vacaciones utilidades credito_vivienda ///
>                 guarderias cuidados_parentales sar_afore seguro_vida prestamos ///
>                 prima_vacacional becas comedor fonacot despensa servicios_publicos ///
>                 pension_invalidez pension_familia otras_prestaciones sin_prestaciones)
  8.     }
  9. end

. 
. cap program drop recode_benefit_indicators

. program define recode_benefit_indicators
  1.     *** Recodes the wide-form benefit indicators (suffix 1 = main job, 2 = secondary)
.     *** from raw response codes to 0/1 binaries.
.     ***
.     *** ENIGH benefit response codes — same across years after rename_benefits:
.     ***   1 = incapacidad         7  = cuidados_parentales
.     ***   2 = aguinaldo           8  = sar_afore
.     ***   3 = vacaciones          9  = seguro_vida
.     ***   4 = utilidades         10  = prestamos
.     ***   5 = credito_vivienda   11  = prima_vacacional
.     ***   6 = guarderias         12  = becas        ... etc.
.     ***
.     *** Each cell carries the response code if the worker received that benefit
.     *** (so cell `incapacidad1` == "1" means worker 1 has incapacidad). Convert to 1/0.
.     foreach v in incapacidad aguinaldo vacaciones utilidades credito_vivienda ///
>                  guarderias cuidados_parentales sar_afore seguro_vida prestamos ///
>                  prima_vacacional becas comedor fonacot despensa servicios_publicos ///
>                  pension_invalidez pension_familia otras_prestaciones {
  2.         foreach j in 1 2 {
  3.             cap confirm variable `v'`j'
  4.             if _rc == 0 {
  5.                 cap destring `v'`j', replace
  6.                 replace `v'`j' = 1 if `v'`j' >  0 & `v'`j' < .
  7.                 replace `v'`j' = 0 if `v'`j' == 0 | missing(`v'`j')
  8.             }
  9.         }
 10.     }
 11.     *** sin_prestaciones is the "no benefits" flag — 1 means no benefits.
.     foreach j in 1 2 {
 12.         cap confirm variable sin_prestaciones`j'
 13.         if _rc == 0 {
 14.             cap destring sin_prestaciones`j', replace
 15.             replace sin_prestaciones`j' = 1 if sin_prestaciones`j' >  0 & sin_prestaciones`j' < .
 16.             replace sin_prestaciones`j' = 0 if sin_prestaciones`j' == 0 | missing(sin_prestaciones`j')
 17.         }
 18.     }
 19. end

. 
. *************************************************
. ************* SCIAN Industry Labels **************
. *************************************************
. 
. cap program drop label_scian

. program define label_scian
  1.     *** Applies SCIAN 2-digit industry labels to ind1, ind2.
.     label define indlbl ///
>         9 "Working abroad" ///
>         10 "Household chores, beggars, inactive" ///
>         11 "Agriculture, forestry, fishing, hunting" ///
>         21 "Mining" ///
>         22 "Electricity, water, gas" ///
>         23 "Construction" ///
>         31 "Manufacturing" 32 "Manufacturing" 33 "Manufacturing" ///
>         43 "Wholesale trade" ///
>         46 "Retail trade" ///
>         48 "Transportation and storage" ///
>         49 "Postal activities" ///
>         51 "Mass media information" ///
>         52 "Financial and insurance" ///
>         53 "Real estate and rental of intangible goods" ///
>         54 "Professional, scientific and technical" ///
>         55 "Management of corporate groups" ///
>         56 "Business support, waste management" ///
>         61 "Education" ///
>         62 "Health and social" ///
>         71 "Cultural, sports and recreational" ///
>         72 "Accommodation and food" ///
>         81 "Other services except government" ///
>         93 "Legislative, governmental, judicial" ///
>         97 "Other workers" ///
>         99 "Non-specified", replace
  2.     cap label values ind1 indlbl
  3.     cap label values ind2 indlbl
  4. end

. 
. *************************************************
. *********** Comprehensive Value Labels ***********
. *************************************************
. 
. *** apply_all_labels: defines and applies value labels for every categorical
. *** variable across the four cleaned datasets. Idempotent — safe to call more
. *** than once. Wraps each `label values` in `cap` so missing variables are
. *** silently skipped. Run AFTER all destring + recoding is done, just before
. *** save.
. 
. cap program drop apply_all_labels

. program define apply_all_labels
  1. 
.     *** Yes/No (1/0) base label set, applied to a known list of binary flags.
.     label define yesno_lbl 0 "No" 1 "Yes", replace
  2.     foreach v in employed indspeaker indund etnia school_attendance ///
>                  motherhome fatherhome zlfn post treat_post informal ///
>                  gov_sp public profesional hablaesp alfabetism segsoc ///
>                  segpop atemed prob_sal aten_sal diabetes pres_alta peso ///
>                  hijos_sob pareja_hog has_wage has_lab has_negocio ///
>                  head_etnia head_indspeaker head_employed {
  3.         cap label values `v' yesno_lbl
  4.     }
  5.     *** Apply Yes/No to all benefit *1 / *2 columns.
.     foreach b in incapacidad aguinaldo vacaciones utilidades credito_vivienda ///
>                  guarderias cuidados_parentales sar_afore seguro_vida prestamos ///
>                  prima_vacacional becas comedor fonacot despensa servicios_publicos ///
>                  pension_invalidez pension_familia otras_prestaciones sin_prestaciones ///
>                  subor indep personal pago contrato {
  6.         foreach j in 1 2 {
  7.             cap label values `b'`j' yesno_lbl
  8.         }
  9.     }
 10.     *** Disability dummies disc2-disc7 (disc1 has its own kind label below).
.     foreach j in 2 3 4 5 6 7 {
 11.         cap label values disc`j' yesno_lbl
 12.     }
 13.     *** servmed_*, inscr_*, inst_* health-presence dummies, others.
.     forvalues i = 1/11 {
 14.         cap label values servmed_`i' yesno_lbl
 15.         cap label values inscr_`i'   yesno_lbl
 16.     }
 17.     cap label values cocina      yesno_lbl
 18.     cap label values cocina_dor  yesno_lbl
 19.     cap label values excusado    yesno_lbl
 20.     cap label values uso_compar  yesno_lbl
 21.     cap label values biodigest   yesno_lbl
 22.     cap label values lavadero    yesno_lbl
 23.     cap label values fregadero   yesno_lbl
 24.     cap label values regadera    yesno_lbl
 25.     cap label values tinaco_azo  yesno_lbl
 26.     cap label values cisterna    yesno_lbl
 27.     cap label values pileta      yesno_lbl
 28.     cap label values calent_sol  yesno_lbl
 29.     cap label values calent_gas  yesno_lbl
 30.     cap label values medidor_luz yesno_lbl
 31.     cap label values bomba_agua  yesno_lbl
 32.     cap label values tanque_gas  yesno_lbl
 33.     cap label values aire_acond  yesno_lbl
 34.     cap label values calefacc    yesno_lbl
 35.     cap label values estufa_chi  yesno_lbl
 36.     cap label values pago_mesp   yesno_lbl
 37.     cap label values viv_usada   yesno_lbl
 38.     cap label values antigua_ne  yesno_lbl
 39.     cap label values tiene_b     yesno_lbl
 40.     cap label values tiene_c     yesno_lbl
 41. 
.     *** Gender / sex (1=Male, 0=Female).
.     label define gender_lbl 0 "Female" 1 "Male", replace
 42.     cap label values gender   gender_lbl
 43.     cap label values head_sex gender_lbl
 44. 
.     *** Female (1=Female).
.     label define female_lbl 0 "Male" 1 "Female", replace
 45.     cap label values female female_lbl
 46. 
.     *** Treatment / time.
.     label define zlfn_lbl   0 "Non-ZLFN" 1 "ZLFN", replace
 47.     cap label values zlfn       zlfn_lbl
 48.     label define post_lbl   0 "Pre (≤2018)" 1 "Post (>2018)", replace
 49.     cap label values post       post_lbl
 50. 
.     *** Parentesco (relationship to head).
.     label define parentesco_lbl ///
>         101 "Jefe(a) del hogar" ///
>         201 "Esposo(a) o compañero(a)" ///
>         301 "Hijo(a)" 302 "Hijastro(a)" ///
>         401 "Nuero o nuera" ///
>         501 "Nieto(a)" ///
>         601 "Padre o madre" 602 "Suegro(a)" ///
>         701 "Hermano(a)" 702 "Cuñado(a)" ///
>         801 "Otro parentesco" ///
>         901 "No parentesco" ///
>         999 "No especificado", replace
 51.     cap label values parentesco parentesco_lbl
 52. 
.     *** Marital status (edo_conyug).
.     label define edo_conyug_lbl ///
>         1 "Unión libre" 2 "Casado(a)" 3 "Separado(a)" ///
>         4 "Divorciado(a)" 5 "Viudo(a)" 6 "Soltero(a)", replace
 53.     cap label values edo_conyug edo_conyug_lbl
 54. 
.     *** Education currently attending (nivel) and grade (grado).
.     label define nivel_lbl ///
>         1 "Preescolar o kinder" 2 "Primaria" 3 "Secundaria" ///
>         4 "Preparatoria o bachillerato" 5 "Normal básica" ///
>         6 "Carrera técnica o comercial" 7 "Profesional" ///
>         8 "Maestría" 9 "Doctorado", replace
 55.     cap label values nivel nivel_lbl
 56.     label define grado_lbl ///
>         1 "Primer año" 2 "Segundo año" 3 "Tercer año" ///
>         4 "Cuarto año" 5 "Quinto año" 6 "Sexto año", replace
 57.     cap label values grado grado_lbl
 58. 
.     *** Highest completed education (antec_esc).
.     label define antec_esc_lbl ///
>         1 "Primaria" 2 "Secundaria" 3 "Preparatoria/Bachillerato" ///
>         4 "Licenciatura" 5 "Maestría", replace
 59.     cap label values antec_esc antec_esc_lbl
 60. 
.     *** Education level achieved (nivelaprob).
.     label define nivelaprob_lbl ///
>         0 "Ninguno" 1 "Preescolar" 2 "Primaria" 3 "Secundaria" ///
>         4 "Preparatoria/Bachillerato" 5 "Normal básica" ///
>         6 "Carrera técnica/comercial" 7 "Profesional" ///
>         8 "Maestría" 9 "Doctorado", replace
 61.     cap label values nivelaprob nivelaprob_lbl
 62. 
.     *** Type of school (tipoesc).
.     label define tipoesc_lbl 1 "Pública" 2 "Privada" 3 "Otro", replace
 63.     cap label values tipoesc tipoesc_lbl
 64. 
.     *** Reason for work absence (motivo_aus).
.     label define motivo_aus_lbl ///
>         1 "Huelga o paro laboral" 2 "Paro técnico" 3 "Suspensión temporal" ///
>         4 "Capacitación" 5 "Vacaciones" 6 "Permiso o enfermedad" ///
>         7 "Falta de vehículo" 8 "Falta de materias primas" 9 "Mal tiempo" ///
>         10 "Fin de temporada" 11 "Comenzará nuevo trabajo" ///
>         12 "Otra razón" 13 "Ninguna", replace
 65.     cap label values motivo_aus motivo_aus_lbl
 66. 
.     *** PNEA primary activity.
.     label define act_pnea1_lbl ///
>         1 "No trabajó y no buscó trabajo" 2 "Es pensionado o jubilado" ///
>         3 "Quehaceres del hogar" 4 "Estudiar" ///
>         5 "Limitación física o mental" 6 "Otros", replace
 67.     cap label values act_pnea1 act_pnea1_lbl
 68.     label define act_pnea2_lbl ///
>         2 "Es pensionado o jubilado" 3 "Quehaceres del hogar" ///
>         4 "Estudiar" 5 "Limitación física o mental", replace
 69.     cap label values act_pnea2 act_pnea2_lbl
 70. 
.     *** Number of jobs.
.     label define num_trabaj_lbl 1 "Solo 1" 2 "Dos o más", replace
 71.     cap label values num_trabaj num_trabaj_lbl
 72. 
.     *** Type of dwelling (tipo_viv).
.     label define tipo_viv_lbl ///
>         1 "Casa independiente" 2 "Departamento en edificio" ///
>         3 "Vivienda en vecindad" 4 "Vivienda en cuarto de azotea" ///
>         5 "Local no construido para habitación", replace
 73.     cap label values tipo_viv tipo_viv_lbl
 74. 
.     *** Wall material (mat_pared).
.     label define mat_pared_lbl ///
>         1 "Material de desecho" 2 "Lámina de cartón" ///
>         3 "Lámina de asbesto o metálica" 4 "Carrizo, bambú o palma" ///
>         5 "Embarro o bajareque" 6 "Madera" 7 "Adobe" ///
>         8 "Tabique, ladrillo, block, piedra, cantera, cemento o concreto", replace
 75.     cap label values mat_pared mat_pared_lbl
 76. 
.     *** Roof material (mat_techos).
.     label define mat_techos_lbl ///
>         1 "Material de desecho" 2 "Lámina de cartón" ///
>         3 "Lámina de asbesto o metálica" 4 "Palma, tejamanil o madera" ///
>         5 "Teja" 6 "Losa de concreto / viguetas con bovedilla" ///
>         7 "Madera o tejamanil" 8 "Terrado con viguería" ///
>         9 "Otro material" 10 "No especificado", replace
 77.     cap label values mat_techos mat_techos_lbl
 78. 
.     *** Floor material (mat_pisos).
.     label define mat_pisos_lbl ///
>         1 "Tierra" 2 "Cemento o firme" ///
>         3 "Madera, mosaico u otro recubrimiento", replace
 79.     cap label values mat_pisos mat_pisos_lbl
 80. 
.     *** Water supply (disp_agua).
.     label define disp_agua_lbl ///
>         1 "Entubada dentro de la vivienda" ///
>         2 "Entubada fuera de la vivienda pero dentro del terreno" ///
>         3 "Llave pública o hidrante" 4 "Captadores de agua de lluvia" ///
>         5 "Acarreada de otra vivienda" 6 "De pipa" ///
>         7 "De pozo, río, lago, arroyo u otro", replace
 81.     cap label values disp_agua disp_agua_lbl
 82. 
.     *** Water supply frequency (dotac_agua).
.     label define dotac_agua_lbl ///
>         1 "Diario" 2 "Cada tercer día" 3 "Dos veces por semana" ///
>         4 "Una vez por semana" 5 "De vez en cuando", replace
 83.     cap label values dotac_agua dotac_agua_lbl
 84. 
.     *** Drainage (drenaje).
.     label define drenaje_lbl ///
>         1 "A la red pública" 2 "A una fosa séptica" ///
>         3 "A tubería a barranca o grieta" ///
>         4 "A tubería a río, lago o mar" 5 "No tiene drenaje", replace
 85.     cap label values drenaje drenaje_lbl
 86. 
.     *** Electricity source (disp_elect).
.     label define disp_elect_lbl ///
>         1 "Del servicio público" 2 "De una planta particular" ///
>         3 "De panel solar" 4 "De otra fuente" ///
>         5 "No tiene luz eléctrica", replace
 87.     cap label values disp_elect disp_elect_lbl
 88. 
.     *** Cooking fuel (combustible).
.     label define combustible_lbl ///
>         1 "Leña" 2 "Carbón" 3 "Gas de tanque" ///
>         4 "Gas natural o de tubería" 5 "Electricidad" ///
>         6 "Otro combustible", replace
 89.     cap label values combustible combustible_lbl
 90. 
.     *** Waste disposal (eli_basura).
.     label define eli_basura_lbl ///
>         1 "La recoge un camión o carrito de basura" ///
>         2 "La llevan a un basurero público" ///
>         3 "La depositan en un contenedor o depósito" ///
>         4 "La queman" 5 "La entierran" ///
>         6 "La tiran en un terreno baldío o calle" ///
>         7 "La tiran en una barranca o grieta" ///
>         8 "La tiran al río, lago o mar", replace
 91.     cap label values eli_basura eli_basura_lbl
 92. 
.     *** Tenure (tenencia).
.     label define tenencia_lbl ///
>         1 "Rentada" 2 "Prestada" 3 "Propia, en pago" ///
>         4 "Propia" 5 "Intestada o en litigio" 6 "Otra situación", replace
 93.     cap label values tenencia tenencia_lbl
 94. 
.     *** Locality size (tam_loc).
.     label define tam_loc_lbl ///
>         1 "100,000+ habitantes" 2 "15,000–99,999" ///
>         3 "2,500–14,999" 4 "<2,500", replace
 95.     cap label values tam_loc tam_loc_lbl
 96. 
.     *** Socioeconomic stratum (est_socio).
.     label define est_socio_lbl ///
>         1 "Bajo" 2 "Medio bajo" 3 "Medio alto" 4 "Alto", replace
 97.     cap label values est_socio est_socio_lbl
 98. 
.     *** Hogares: clase_hog (HH type).
.     label define clase_hog_lbl ///
>         1 "Unipersonal" 2 "Nuclear" 3 "Ampliado" ///
>         4 "Compuesto" 5 "Corresidente", replace
 99.     cap label values clase_hog clase_hog_lbl
100. 
.     *** CONEVAL: pea (labor force status).
.     label define pea_lbl ///
>         1 "Ocupado" 2 "Desocupado" 3 "No PEA", replace
101.     cap label values pea pea_lbl
102. 
.     *** CONEVAL: hli (food poverty).
.     label define hli_lbl 0 "No food-poor" 1 "Food-poor" 2 "No info", replace
103.     cap label values hli hli_lbl
104. 
.     *** Employment class (clas_emp).
.     label define clas_emp_lbl ///
>         1 "Empleado público" 2 "Empleado privado" ///
>         3 "Trabajador independiente" 4 "Trabajador familiar sin pago" ///
>         5 "Patrón" 6 "Otro", replace
105.     cap label values clas_emp clas_emp_lbl
106. 
.     *** Type of contract (tipocontr).
.     label define tipocontr_lbl 0 "Permanente" 1 "Temporal", replace
107.     cap label values tipocontr1 tipocontr_lbl
108.     cap label values tipocontr2 tipocontr_lbl
109. 
.     *** Indigenous language (lenguaind / indlang).
.     label define indlang_lbl ///
>         111 "Paipai" 112 "Kiliwa" 113 "Cucapá" 114 "Cochimí" 115 "Kumiai" ///
>         121 "Seri" 131 "Chontal de Oaxaca" ///
>         200 "Chinanteco" 211 "Chinanteco de Ojitlán" 212 "Chinanteco de Usila" ///
>         221 "Chinanteco de Quiotepec" 222 "Chinanteco de Yolox" ///
>         223 "Chinanteco de Sochiapan" 231 "Chinanteco de Palantla" ///
>         232 "Chinanteco de Valle Nacional" 241 "Chinanteco de Lalana" 243 "Chinanteco (s.e.)" ///
>         311 "Pame" 321 "Chichimeca Jonaz" ///
>         331 "Otomí" 332 "Mazahua" 341 "Matlatzinca" 342 "Ocuilteco" ///
>         400 "Zapoteco" 411 "Zapoteco de Ixtlán" 412 "Zapoteco Vijano" ///
>         413 "Zapoteco del Rincón" 421 "Zapoteco Vallista" 422 "Zapoteco del Istmo" ///
>         431 "Zapoteco de Cuixtla" 432 "Solteco" 433 "Zapoteco Sureño" ///
>         441 "Chatino" ///
>         450 "Mixteco" 451 "Mixteco Zona Costa" 452 "Mixteco Zona Alta" ///
>         453 "Mixteco Zona Baja" 454 "Mixteco Zona Mazateca" 455 "Mixteco de Puebla" ///
>         456 "Tacuate" 461 "Cuicateco" 471 "Triqui" ///
>         481 "Amuzgo" 482 "Amuzgo de Guerrero" 483 "Amuzgo de Oaxaca" ///
>         491 "Mazateco" 492 "Chocholteco" 493 "Ixcateco" 494 "Popoloca" ///
>         511 "Huave" 611 "Tlapaneco" 711 "Totonaca" 712 "Tepehua" ///
>         800 "Popoluca" 811 "Mixe" 812 "Popoluca de Oluta" ///
>         821 "Popoluca de la Sierra" 822 "Popoluca de Texistepec" ///
>         823 "Zoque" 824 "Ayapaneco" ///
>         911 "Huasteco" 921 "Lacandón" 922 "Maya" 931 "Ch'ol" ///
>         932 "Chontal de Tabasco" 933 "Tzeltal" 934 "Tzotzil" ///
>         935 "Tojolabal" 936 "Chuj" ///
>         941 "Mame" 942 "Ixil" 943 "Aguacateco" 951 "Motocintleco" ///
>         961 "Kanjobal" 962 "Jacalteco" 971 "Quiché" 972 "Cakchiquel" ///
>         981 "Kekchi" ///
>         1011 "Pima" 1012 "Pápago" 1013 "Tepehuano" ///
>         1014 "Tepehuano del Norte" 1015 "Tepehuano del Sur" ///
>         1021 "Tarahumara" 1022 "Mayo" 1023 "Yaqui" 1024 "Guarijío" ///
>         1031 "Cora" 1032 "Huichol" 1041 "Náhuatl" ///
>         1111 "Purépecha" 1211 "Kikapú" 1311 "Chontal" ///
>         1999 "No especificado" 9999 "No especificado", replace
110.     cap label values indlang indlang_lbl
111.     cap label values lenguaind indlang_lbl
112. 
.     *** Disability — first type (disc1).
.     label define disc1_lbl ///
>         1 "Caminar, moverse, subir o bajar" ///
>         2 "Ver, aun usando lentes" ///
>         3 "Hablar, comunicarse" ///
>         4 "Oír, aun usando aparato auditivo" ///
>         5 "Vestirse, bañarse o comer" ///
>         6 "Poner atención o aprender" ///
>         7 "Limitación mental" ///
>         8 "No tiene dificultad", replace
113.     cap label values disc1 disc1_lbl
114. 
.     *** Disability cause (causa_*).
.     label define causa_lbl ///
>         1 "Nació así" 2 "Por enfermedad" 3 "Por accidente" ///
>         4 "Por edad avanzada" 5 "Otra causa", replace
115.     foreach v of varlist causa1-causa7 {
116.         cap label values `v' causa_lbl
117.     }
118. 
.     *** Health institution (inst_*).
.     label define inst_lbl ///
>         1 "IMSS" 2 "ISSSTE" ///
>         3 "ISSSTE estatal/PEMEX/Defensa/Marina" ///
>         4 "Seguro Popular / IMSS Bienestar" ///
>         5 "IMSS-PROSPERA" 6 "Otro", replace
119.     forvalues i = 1/8 {
120.         cap label values inst_`i' inst_lbl
121.     }
122. 
.     *** GASTOSHOGAR tipo_gasto (string codes).
.     *** Stata's value labels are integer-only, so we do not bind these
.     *** to the string variable. The variable label below documents the codes.
.     cap label variable tipo_gasto "G1=monetario propio, G2=monetario otro hogar, G3=autoconsumo, G5=regalo, G6=transf institucional, G7=alquiler imputado"
123. 
.     *** GASTOSHOGAR frecuencia.
.     label define frecuencia_lbl ///
>         0 "No aplica" 1 "Diario" 2 "Cada semana" 3 "Una vez al mes" ///
>         4 "Cada año" 5 "Una sola vez" 6 "Otros", replace
124.     cap label values frecuencia frecuencia_lbl
125. 
.     *** Capítulo (gastos T-aggregate codes T901..T916). Same caveat — string.
.     cap label variable capitulo "INEGI capítulo: alimentos, transporte, limpieza, cuidados, educacion, comunicacion, vivienda, último recibo, vestido, cristalería, salud, enseres, esparcimiento, transporte (gasto), gastos diversos, financieras"
126. 
.     *** Custom expenditure groups (string).
.     cap label variable gasto_group "Custom group: food, durables, services, housing, transport, health, education, leisure, financial, other"
127. 
.     *** Industry / sector. Already labeled by label_scian — but ensure ind1/ind2 carry it.
.     cap label values ind1 indlbl
128.     cap label values ind2 indlbl
129. 
. end

. 
. *************************************************
. *********** Gastos Capitulo Mapping **************
. *************************************************
. 
. *** ENIGH expenditure clave codes are 6-digit strings. The first 2 digits
. *** identify the capítulo (COICOP-style), e.g. "01" = food, "11" = restaurants.
. *** T-codes (T901..T916) are pre-aggregated — drop them to avoid double-counting.
. ***
. *** Capitulo groups (first 2 digits of clave):
. ***   01 = Alimentos y bebidas no alcohólicas
. ***   02 = Bebidas alcohólicas y tabaco
. ***   03 = Prendas de vestir y calzado
. ***   04 = Vivienda, agua, electricidad, gas y otros combustibles
. ***   05 = Mobiliario, equipo y mantenimiento de la casa
. ***   06 = Salud
. ***   07 = Transporte
. ***   08 = Comunicaciones
. ***   09 = Recreación y cultura
. ***   10 = Educación
. ***   11 = Restaurantes y servicios de alojamiento
. ***   12 = Cuidados personales y otros bienes y servicios
. ***   13 = Servicios diversos
. ***   17 = Erogaciones financieras y de capital (extra: not consumption)
. ***   18 = Otros productos / vacíos (catch-all in 2024 catalog)
. 
. cap program drop classify_gasto_clave

. program define classify_gasto_clave
  1.     *** Adds two columns to the gastos data in memory:
.     ***   capitulo     — 2-digit string capítulo code
.     ***   gasto_group  — coarse custom group (food / durables / services / ...)
.     cap drop capitulo
  2.     cap drop gasto_group
  3.     *** Drop pre-aggregated T-codes so we don't double-count.
.     drop if substr(clave, 1, 1) == "T"
  4.     gen str2 capitulo = substr(clave, 1, 2)
  5.     gen str20 gasto_group = ""
  6.     replace gasto_group = "food"          if capitulo == "01"
  7.     replace gasto_group = "alcohol_tobac" if capitulo == "02"
  8.     replace gasto_group = "clothing"      if capitulo == "03"
  9.     replace gasto_group = "housing"       if capitulo == "04"
 10.     replace gasto_group = "durables"      if capitulo == "05"
 11.     replace gasto_group = "health"        if capitulo == "06"
 12.     replace gasto_group = "transport"     if capitulo == "07"
 13.     replace gasto_group = "comms"         if capitulo == "08"
 14.     replace gasto_group = "recreation"    if capitulo == "09"
 15.     replace gasto_group = "education"     if capitulo == "10"
 16.     replace gasto_group = "restaurants"   if capitulo == "11"
 17.     replace gasto_group = "personal"      if capitulo == "12"
 18.     replace gasto_group = "services"      if capitulo == "13"
 19.     replace gasto_group = "financial"     if capitulo == "17"
 20.     replace gasto_group = "other"         if gasto_group == ""
 21. end

. 
. *************************************************
. ********* HH × year aggregation of gastos ********
. *************************************************
. 
. *** Loads gastoshogar`yr'.dta and returns a tempfile path (in the global
. *** $hh_gastos_tf) holding one row per (folioviv, foliohog) for survey year
. *** `yr', with columns:
. ***   year                      — the survey wave
. ***   gas_total_nom             — sum of gasto_tri (nominal trimestral pesos)
. ***   gas_total_nm_nom          — sum of gas_nm_tri (non-monetary trimestral)
. ***   gas_<grp>_nom             — sum by custom group (food, durables, ...)
. ***   gas_cap<NN>_nom           — sum by capítulo NN ∈ {01,..,18}
. ***   <plus _real counterparts deflated by Aug-yr INPC>
. 
. cap program drop aggregate_gastos_hh_year

. program define aggregate_gastos_hh_year
  1.     args yr defl_tf target
  2.     preserve
  3.     use "../../data/source/enigh/gastoshogar`yr'.dta", clear
  4.     cap destring gasto_tri,    replace
  5.     cap destring gas_nm_tri,   replace
  6.     classify_gasto_clave
  7.     gen long _one = 1
  8.     *** First, sum to (HH × group) and (HH × capitulo).
.     tempfile _grp _cap
  9.     preserve
 10.     collapse (sum) gasto_tri gas_nm_tri, ///
>         by(folioviv foliohog gasto_group)
 11.     reshape wide gasto_tri gas_nm_tri, ///
>         i(folioviv foliohog) j(gasto_group) string
 12.     save `_grp', replace
 13.     restore
 14.     preserve
 15.     collapse (sum) gasto_tri gas_nm_tri, ///
>         by(folioviv foliohog capitulo)
 16.     reshape wide gasto_tri gas_nm_tri, ///
>         i(folioviv foliohog) j(capitulo) string
 17.     save `_cap', replace
 18.     restore
 19.     *** Total at HH level.
.     collapse (sum) gas_total_nom = gasto_tri ///
>                    gas_total_nm_nom = gas_nm_tri, ///
>         by(folioviv foliohog)
 20.     *** Merge group + capitulo aggregates.
.     merge 1:1 folioviv foliohog using `_grp'
 21.     drop _merge
 22.     merge 1:1 folioviv foliohog using `_cap'
 23.     drop _merge
 24.     *** Standardize column names: gasto_tri<grp> -> gas_<grp>_nom etc.
.     foreach grp in food alcohol_tobac clothing housing durables health ///
>                    transport comms recreation education restaurants ///
>                    personal services financial other {
 25.         cap rename gasto_tri`grp'  gas_`grp'_nom
 26.         cap rename gas_nm_tri`grp' gas_`grp'_nm_nom
 27.         cap confirm variable gas_`grp'_nom
 28.         if _rc gen double gas_`grp'_nom = 0
 29.         cap confirm variable gas_`grp'_nm_nom
 30.         if _rc gen double gas_`grp'_nm_nom = 0
 31.         replace gas_`grp'_nom    = 0 if missing(gas_`grp'_nom)
 32.         replace gas_`grp'_nm_nom = 0 if missing(gas_`grp'_nm_nom)
 33.         label variable gas_`grp'_nom    "nominal HH expenditure: `grp' (trimestral pesos)"
 34.         label variable gas_`grp'_nm_nom "nominal HH non-monetary expenditure: `grp' (trimestral pesos)"
 35.     }
 36.     foreach cap_n in 01 02 03 04 05 06 07 08 09 10 11 12 13 17 18 {
 37.         cap rename gasto_tri`cap_n'  gas_cap`cap_n'_nom
 38.         cap rename gas_nm_tri`cap_n' gas_cap`cap_n'_nm_nom
 39.         cap confirm variable gas_cap`cap_n'_nom
 40.         if _rc gen double gas_cap`cap_n'_nom = 0
 41.         cap confirm variable gas_cap`cap_n'_nm_nom
 42.         if _rc gen double gas_cap`cap_n'_nm_nom = 0
 43.         replace gas_cap`cap_n'_nom    = 0 if missing(gas_cap`cap_n'_nom)
 44.         replace gas_cap`cap_n'_nm_nom = 0 if missing(gas_cap`cap_n'_nm_nom)
 45.         label variable gas_cap`cap_n'_nom    "nominal HH expenditure: capítulo `cap_n' (trimestral pesos)"
 46.         label variable gas_cap`cap_n'_nm_nom "nominal HH non-monetary expenditure: capítulo `cap_n' (trimestral pesos)"
 47.     }
 48.     *** Deflate by August INPC of `yr' (gastoshogar quarterly aggregates are
.     *** treated as Aug-`yr' nominal for deflation, matching CONEVAL convention).
.     quietly {
 49.         preserve
 50.         use "`defl_tf'", clear
 51.         keep if year == `yr' & month == 8
 52.         summarize deflator
 53.         local ago_def = r(mean)
 54.         restore
 55.     }
 56.     if `ago_def' == 0 | missing(`ago_def') local ago_def = 1
 57.     foreach v of varlist gas_*_nom {
 58.         local r = subinstr("`v'", "_nom", "_real", 1)
 59.         gen double `r' = `v' / `ago_def'
 60.         local lab : variable label `v'
 61.         label variable `r' "real (Aug-2024) `lab'"
 62.     }
 63.     gen year = `yr'
 64.     save "`target'", replace
 65.     restore
 66. end

. 
. 
. *************************************************
. **************** INPC Deflators ******************
. *************************************************
. 
. tempfile deflators_tf

. load_deflators_to "`deflators_tf'"
(encoding automatically selected: UTF-8)
(5 vars, 121 obs)
(91 real changes made)
(file /var/folders/9y/pvp4l29s0737335xr1nwfp_00000gn/T//St81781.000001 not found)
file /var/folders/9y/pvp4l29s0737335xr1nwfp_00000gn/T//St81781.000001 saved as .dta format

. 
. *************************************************
. *********** Build per-year tempfiles *************
. *************************************************
. 
. local years 2016 2018 2020 2022 2024

. local tempfiles ""

. 
. foreach year of local years {
  2. 
.     display _n "Processing ENIGH `year' …"
  3. 
.     *** Poblacion (individual demographics — keep ALL available columns).
.     *** new_id is preserved as folioviv+foliohog+numren so downstream tables
.     *** can be merged in via this key. Variable names drift between waves
.     *** (especially the disability block in 2024 which uses disc_ver/disc_oir
.     *** etc. instead of disc1-disc7) — we destring whatever is present and
.     *** rely on apply_all_labels to attach value labels at the end.
.     use "../../data/source/enigh/poblacion`year'.dta", clear
  4. 
.     *** Harmonize 2024 disability aliases back to canonical disc1-disc7 if
.     *** the wave used the new naming. Map (best-effort): caminar → disc1,
.     *** ver → disc2, hablar → disc3, oir → disc4, vestirse → disc5,
.     *** aprender → disc6, mental → disc7. Older waves with disc1-disc7
.     *** keep their values.
.     cap rename disc_camin   disc1
  5.     cap rename disc_ver     disc2
  6.     cap rename disc_habla   disc3
  7.     cap rename disc_oir     disc4
  8.     cap rename disc_vest    disc5
  9.     cap rename disc_apren   disc6
 10.     cap rename disc_acti    disc7
 11. 
.     *** Selectively destring the helper numerics needed by the canonical
.     *** recodes below. The remaining string columns are bulk-destringed
.     *** AFTER the recodes (which read raw "1"/"2" strings).
.     cap destring sexo edad parentesco nivelaprob gradoaprob hor_1, replace
 12. 
.     *** Canonical recodes
.     gen byte gender             = .
 13.     replace gender              = 1 if sexo == 1
 14.     replace gender              = 0 if sexo == 2
 15.     label variable gender       "1=Male, 0=Female"
 16. 
.     gen byte etnia_bin          = .
 17.     replace etnia_bin           = 1 if etnia == "1"
 18.     replace etnia_bin           = 0 if etnia == "2"
 19.     drop etnia
 20.     rename etnia_bin etnia
 21.     label variable etnia        "indigenous self-identification (1=yes)"
 22. 
.     gen byte indspeaker         = .
 23.     replace indspeaker          = 1 if hablaind == "1"
 24.     replace indspeaker          = 0 if hablaind == "2"
 25.     label variable indspeaker   "speaks indigenous language (HLI, 1=yes)"
 26. 
.     gen byte indund             = .
 27.     replace indund              = 1 if comprenind == "1"
 28.     replace indund              = 0 if comprenind == "2"
 29.     label variable indund       "understands indigenous language (1=yes)"
 30. 
.     gen byte school_attendance  = .
 31.     replace school_attendance   = 1 if asis_esc == "1"
 32.     replace school_attendance   = 0 if asis_esc == "2"
 33.     label variable school_attendance "currently attending school (1=yes)"
 34. 
.     gen byte motherhome         = .
 35.     replace motherhome          = 1 if madre_hog == "1"
 36.     replace motherhome          = 0 if madre_hog == "2"
 37.     label variable motherhome   "mother lives in HH (1=yes)"
 38. 
.     gen byte fatherhome         = .
 39.     replace fatherhome          = 1 if padre_hog == "1"
 40.     replace fatherhome          = 0 if padre_hog == "2"
 41.     label variable fatherhome   "father lives in HH (1=yes)"
 42. 
.     gen byte employed           = .
 43.     replace employed            = 1 if trabajo_mp == "1"
 44.     replace employed            = 0 if trabajo_mp == "2"
 45.     label variable employed     "employed in reference month (1=yes)"
 46. 
.     rename hor_1 hoursworked
 47.     label variable hoursworked  "weekly hours worked (poblacion)"
 48. 
.     build_years_of_study
 49. 
.     *** Now bulk-destring all remaining string columns (they were kept as
.     *** strings until the canonical recodes finished reading "1"/"2" codes).
.     quietly: ds, has(type string)
 50.     foreach v in `r(varlist)' {
 51.         if !inlist("`v'", "folioviv", "foliohog", "numren") {
 52.             cap destring `v', replace
 53.         }
 54.     }
 55. 
.     *** Keep all the raw poblacion columns (nivel/grado/health/time-use/
.     *** social-network/fertility/marital/disability/etc.) — they are preserved
.     *** alongside the canonical recodes (gender, etnia, indspeaker, indund,
.     *** school_attendance, motherhome, fatherhome, employed, hoursworked,
.     *** years_of_study). apply_all_labels will attach value labels at save.
.     tempfile pop_`year'
 56.     save `pop_`year''
 57. 
.     *** Concentradohogar (HH expansion weight, ubica_geo, smg)
.     use "../../data/source/enigh/concentradohogar`year'.dta", clear
 58.     cap confirm string variable ubica_geo
 59.     if _rc {
 60.         tostring ubica_geo, replace
 61.     }
 62.     keep folioviv ubica_geo factor smg
 63.     duplicates drop folioviv, force
 64.     clean_ubica_geo `year'
 65.     tempfile hog_`year'
 66.     save `hog_`year''
 67. 
.     *** Viviendas (housing + survey design)
.     *** Variable names drift across years (e.g., 2024 renames disp_agua →
.     *** agua_ent, combustible → combus, etc.). Keep only columns that exist
.     *** in this year's file, then harmonize aliases below.
.     use "../../data/source/enigh/viviendas`year'.dta", clear
 68.     *** Harmonize 2024+ aliases back to canonical names.
.     cap rename agua_ent     disp_agua
 69.     cap rename combus       combustible
 70.     cap rename medid_luz    medidor_luz
 71.     cap rename focos        focos_inca
 72.     local viv_all folioviv tipo_viv mat_pared mat_techos mat_pisos antiguedad ///
>                   cuart_dorm num_cuarto disp_agua dotac_agua excusado disp_elect ///
>                   combustible eli_basura tenencia renta estim_pago pago_viv ///
>                   tot_resid tot_hom tot_muj tot_hog tam_loc est_socio est_dis upm
 73.     local viv_keep ""
 74.     foreach v of local viv_all {
 75.         cap confirm variable `v'
 76.         if _rc == 0 local viv_keep "`viv_keep' `v'"
 77.     }
 78.     keep `viv_keep'
 79.     duplicates drop folioviv, force
 80.     foreach v of local viv_keep {
 81.         if "`v'" != "folioviv" cap destring `v', replace
 82.     }
 83.     *** Add any missing canonical columns as . so the panel stacks cleanly.
.     foreach v of local viv_all {
 84.         cap confirm variable `v'
 85.         if _rc gen double `v' = .
 86.     }
 87.     tempfile viv_`year'
 88.     save `viv_`year''
 89. 
.     *** Trabajos (jobs and benefits)
.     use "../../data/source/enigh/trabajos`year'.dta", clear
 90.     rename_benefits `year'
 91.     *** Some years have tipo_trab/ocupa, others do not — drop if present
.     cap drop tipo_trab ocupa
 92.     *** Collapse so each (HH × person × job) has one row.
.     collapse (sum) htrab, by(folioviv foliohog numren id_trabajo ///
>         scian sinco subor indep personal pago contrato tipocontr ///
>         incapacidad aguinaldo vacaciones utilidades credito_vivienda ///
>         guarderias cuidados_parentales sar_afore seguro_vida prestamos ///
>         prima_vacacional becas comedor fonacot despensa servicios_publicos ///
>         pension_invalidez pension_familia otras_prestaciones sin_prestaciones)
 93.     *** Reshape wide so we have *1 (main job) and *2 (secondary job) columns.
.     reshape wide htrab scian sinco subor indep personal pago contrato tipocontr ///
>         incapacidad aguinaldo vacaciones utilidades credito_vivienda ///
>         guarderias cuidados_parentales sar_afore seguro_vida prestamos ///
>         prima_vacacional becas comedor fonacot despensa servicios_publicos ///
>         pension_invalidez pension_familia otras_prestaciones sin_prestaciones, ///
>         i(folioviv foliohog numren) j(id_trabajo) string
 94.     *** Industry codes from SCIAN
.     gen ind1 = real(substr(scian1, 1, 2))
 95.     gen ind2 = real(substr(scian2, 1, 2))
 96.     label_scian
 97.     rename htrab1 hours1
 98.     rename htrab2 hours2
 99.     label variable hours1 "weekly hours – main job"
100.     label variable hours2 "weekly hours – secondary job"
101.     *** Recode benefits to 0/1 binaries (single source of truth in helper)
.     recode_benefit_indicators
102.     *** Subordinate / independent / personnel / paid / contract → 0/1
.     foreach base in subor indep personal pago contrato tipocontr {
103.         foreach j in 1 2 {
104.             cap destring `base'`j', replace
105.             cap recode `base'`j' (1=1)(2=0)(3=0)(else=0)
106.         }
107.     }
108.     tempfile trab_`year'
109.     save `trab_`year''
110. 
.     *** Gastospersona (personal expenditure aggregates)
.     use "../../data/source/enigh/gastospersona`year'.dta", clear
111.     collapse (sum) gasto_tri gas_nm_tri, by(folioviv foliohog numren)
112.     rename gasto_tri  gaspers_tri
113.     rename gas_nm_tri gaspers_ntri
114.     label variable gaspers_tri  "trimestral monetary expenditure (person)"
115.     label variable gaspers_ntri "trimestral non-monetary expenditure (person)"
116.     tempfile gpers_`year'
117.     save `gpers_`year''
118. 
.     *** Ingresos (income panel) — reshape to person × month
.     use "../../data/source/enigh/ingresos`year'.dta", clear
119.     classify_clave
120.     drop if missing(clave_group) | clave_group == ""
121.     *** ENIGH ingresos has 6 (slot, amount, month) tuples per record:
.     *** ing_1…ing_6 are amounts; mes_1…mes_6 are calendar months ("01"–"12").
.     *** Reshape so each row is one (person × clave × slot).
.     reshape long ing_ mes_, i(folioviv foliohog numren clave) j(slot)
122.     *** Normalize the month string and drop empty slots.
.     cap confirm string variable mes_
123.     if _rc {
124.         tostring mes_, replace force
125.     }
126.     replace mes_ = trim(mes_)
127.     drop if missing(mes_) | mes_ == ""
128.     gen byte month = real(mes_)
129.     drop if missing(month) | month < 1 | month > 12
130.     *** Aggregate to (person × clave_group × calendar-month).
.     collapse (sum) ing_nom = ing_, ///
>              by(folioviv foliohog numren clave_group month)
131.     *** Pivot wide so each clave_group becomes its own nominal column.
.     reshape wide ing_nom, ///
>              i(folioviv foliohog numren month) j(clave_group) string
132.     *** Standardize column names: ing_nom<group> → ing_<group>_nom.
.     foreach grp in wages non_wage_income gov_transfers rentas fin_capital ///
>                    negocio ventas other {
133.         cap rename ing_nom`grp' ing_`grp'_nom
134.         cap confirm variable ing_`grp'_nom
135.         if _rc {
136.             gen double ing_`grp'_nom = .
137.         }
138.         replace ing_`grp'_nom = 0 if missing(ing_`grp'_nom)
139.         label variable ing_`grp'_nom "nominal monthly `grp' income (pesos)"
140.     }
141.     tempfile inc_`year'
142.     save `inc_`year''
143. 
.     *** Merge all per-year pieces
.     use `inc_`year'', clear
144.     merge m:1 folioviv foliohog numren using `pop_`year''
145.     drop _merge
146.     merge m:1 folioviv foliohog numren using `trab_`year''
147.     drop _merge
148.     merge m:1 folioviv foliohog numren using `gpers_`year''
149.     drop _merge
150.     merge m:1 folioviv using `viv_`year''
151.     drop _merge
152.     merge m:1 folioviv using `hog_`year''
153.     drop _merge
154. 
.     gen year = `year'
155.     order folioviv foliohog numren year month
156. 
.     tempfile yr_`year'
157.     save `yr_`year''
158.     local tempfiles "`tempfiles' `yr_`year''"
159. }

Processing ENIGH 2016 …
(257,805 missing values generated)
(125,965 real changes made)
(131,840 real changes made)
(257,805 missing values generated)
(78,322 real changes made)
(166,744 real changes made)
(257,805 missing values generated)
(16,243 real changes made)
(228,824 real changes made)
(257,805 missing values generated)
(6,050 real changes made)
(222,774 real changes made)
(257,805 missing values generated)
(77,760 real changes made)
(167,307 real changes made)
(257,805 missing values generated)
(120,252 real changes made)
(137,553 real changes made)
(257,805 missing values generated)
(92,190 real changes made)
(165,615 real changes made)
(257,805 missing values generated)
(119,565 real changes made)
(80,979 real changes made)
(257,805 missing values generated)
(29,632 real changes made)
(80,903 real changes made)
(65,957 real changes made)
(35,163 real changes made)
(31,344 real changes made)
(1,702 real changes made)
(366 real changes made)
file /var/folders/9y/pvp4l29s0737335xr1nwfp_00000gn/T//St81781.000002 saved as .dta format

Duplicates in terms of folioviv

(1,142 observations deleted)
(69,169 real changes made)
(0 real changes made)
file /var/folders/9y/pvp4l29s0737335xr1nwfp_00000gn/T//St81781.000003 saved as .dta format

Duplicates in terms of folioviv

(0 observations are duplicates)
file /var/folders/9y/pvp4l29s0737335xr1nwfp_00000gn/T//St81781.000004 saved as .dta format
(j = 1 2)

Data                               Long   ->   Wide
-----------------------------------------------------------------------------
Number of observations          132,095   ->   120,245     
Number of variables                  33   ->   61          
j variable (2 values)        id_trabajo   ->   (dropped)
xij variables:
                                  htrab   ->   htrab1 htrab2
                                  scian   ->   scian1 scian2
                                  sinco   ->   sinco1 sinco2
                                  subor   ->   subor1 subor2
                                  indep   ->   indep1 indep2
                               personal   ->   personal1 personal2
                                   pago   ->   pago1 pago2
                               contrato   ->   contrato1 contrato2
                              tipocontr   ->   tipocontr1 tipocontr2
                            incapacidad   ->   incapacidad1 incapacidad2
                              aguinaldo   ->   aguinaldo1 aguinaldo2
                             vacaciones   ->   vacaciones1 vacaciones2
                             utilidades   ->   utilidades1 utilidades2
                       credito_vivienda   ->   credito_vivienda1 credito_vivienda2
                             guarderias   ->   guarderias1 guarderias2
                    cuidados_parentales   ->   cuidados_parentales1 cuidados_parentales2
                              sar_afore   ->   sar_afore1 sar_afore2
                            seguro_vida   ->   seguro_vida1 seguro_vida2
                              prestamos   ->   prestamos1 prestamos2
                       prima_vacacional   ->   prima_vacacional1 prima_vacacional2
                                  becas   ->   becas1 becas2
                                comedor   ->   comedor1 comedor2
                                fonacot   ->   fonacot1 fonacot2
                               despensa   ->   despensa1 despensa2
                     servicios_publicos   ->   servicios_publicos1 servicios_publicos2
                      pension_invalidez   ->   pension_invalidez1 pension_invalidez2
                        pension_familia   ->   pension_familia1 pension_familia2
                     otras_prestaciones   ->   otras_prestaciones1 otras_prestaciones2
                       sin_prestaciones   ->   sin_prestaciones1 sin_prestaciones2
-----------------------------------------------------------------------------
(108,395 missing values generated)
(26,961 real changes made)
(93,284 real changes made)
(281 real changes made)
(119,964 real changes made)
(42,255 real changes made)
(77,990 real changes made)
(544 real changes made)
(119,701 real changes made)
(35,094 real changes made)
(85,151 real changes made)
(359 real changes made)
(119,886 real changes made)
(19,421 real changes made)
(100,824 real changes made)
(100 real changes made)
(120,145 real changes made)
(28,645 real changes made)
(91,600 real changes made)
(265 real changes made)
(119,980 real changes made)
(11,190 real changes made)
(109,055 real changes made)
(122 real changes made)
(120,123 real changes made)
(11,601 real changes made)
(108,644 real changes made)
(137 real changes made)
(120,108 real changes made)
(28,897 real changes made)
(91,348 real changes made)
(263 real changes made)
(119,982 real changes made)
(17,483 real changes made)
(102,762 real changes made)
(189 real changes made)
(120,056 real changes made)
(20,324 real changes made)
(99,921 real changes made)
(215 real changes made)
(120,030 real changes made)
(25,914 real changes made)
(94,331 real changes made)
(261 real changes made)
(119,984 real changes made)
(7,607 real changes made)
(112,638 real changes made)
(115 real changes made)
(120,130 real changes made)
(8,710 real changes made)
(111,535 real changes made)
(78 real changes made)
(120,167 real changes made)
(11,349 real changes made)
(108,896 real changes made)
(111 real changes made)
(120,134 real changes made)
(9,749 real changes made)
(110,496 real changes made)
(89 real changes made)
(120,156 real changes made)
(983 real changes made)
(119,262 real changes made)
(10 real changes made)
(120,235 real changes made)
(16,981 real changes made)
(103,264 real changes made)
(176 real changes made)
(120,069 real changes made)
(15,520 real changes made)
(104,725 real changes made)
(148 real changes made)
(120,097 real changes made)
(825 real changes made)
(119,420 real changes made)
(17 real changes made)
(120,228 real changes made)
(40,266 real changes made)
(79,979 real changes made)
(3,730 real changes made)
(116,515 real changes made)
file /var/folders/9y/pvp4l29s0737335xr1nwfp_00000gn/T//St81781.000005 saved as .dta format
file /var/folders/9y/pvp4l29s0737335xr1nwfp_00000gn/T//St81781.000006 saved as .dta format
(334,337 missing values generated)
(87,634 real changes made)
(42,223 real changes made)
(42,823 real changes made)
(78,525 real changes made)
(3,297 real changes made)
(0 real changes made)
(2,757 real changes made)
(1,731 real changes made)
(5,942 real changes made)
(23,175 real changes made)
(4,064 real changes made)
(3,886 real changes made)
(22,632 real changes made)
(15,648 real changes made)
(0 observations deleted)
(j = 1 2 3 4 5 6)

Data                               Wide   ->   Long
-----------------------------------------------------------------------------
Number of observations          334,337   ->   2,006,022   
Number of variables                  18   ->   9           
j variable (6 values)                     ->   slot
xij variables:
                  ing_1 ing_2 ... ing_6   ->   ing_
                  mes_1 mes_2 ... mes_6   ->   mes_
-----------------------------------------------------------------------------
(310,386 real changes made)
(310,386 observations deleted)
(0 observations deleted)
(j = fin_capital gov_transfers negocio non_wage_income other rentas ventas wages)

Data                               Long   ->   Wide
-----------------------------------------------------------------------------
Number of observations        1,546,260   ->   1,050,660   
Number of variables                   6   ->   12          
j variable (8 values)       clave_group   ->   (dropped)
xij variables:
                                ing_nom   ->   ing_nomfin_capital ing_nomgov_transfers ... ing_nomwages
-----------------------------------------------------------------------------
(527,748 real changes made)
(891,762 real changes made)
(622,632 real changes made)
(1,034,298 real changes made)
(1,006,326 real changes made)
(903,966 real changes made)
(1,027,824 real changes made)
(844,464 real changes made)
file /var/folders/9y/pvp4l29s0737335xr1nwfp_00000gn/T//St81781.000007 saved as .dta format

    Result                      Number of obs
    -----------------------------------------
    Not matched                        82,695
        from master                         0  (_merge==1)
        from using                     82,695  (_merge==2)

    Matched                         1,050,660  (_merge==3)
    -----------------------------------------

    Result                      Number of obs
    -----------------------------------------
    Not matched                       431,970
        from master                   431,970  (_merge==1)
        from using                          0  (_merge==2)

    Matched                           701,385  (_merge==3)
    -----------------------------------------

    Result                      Number of obs
    -----------------------------------------
    Not matched                       648,009
        from master                   648,009  (_merge==1)
        from using                          0  (_merge==2)

    Matched                           485,346  (_merge==3)
    -----------------------------------------

    Result                      Number of obs
    -----------------------------------------
    Not matched                             0
    Matched                         1,133,355  (_merge==3)
    -----------------------------------------

    Result                      Number of obs
    -----------------------------------------
    Not matched                             0
    Matched                         1,133,355  (_merge==3)
    -----------------------------------------
file /var/folders/9y/pvp4l29s0737335xr1nwfp_00000gn/T//St81781.000008 saved as .dta format

Processing ENIGH 2018 …
(269,206 missing values generated)
(131,677 real changes made)
(137,529 real changes made)
(269,206 missing values generated)
(80,633 real changes made)
(176,192 real changes made)
(269,206 missing values generated)
(17,006 real changes made)
(239,819 real changes made)
(269,206 missing values generated)
(6,342 real changes made)
(233,477 real changes made)
(269,206 missing values generated)
(78,198 real changes made)
(178,627 real changes made)
(269,206 missing values generated)
(123,445 real changes made)
(145,761 real changes made)
(269,206 missing values generated)
(93,618 real changes made)
(175,588 real changes made)
(269,206 missing values generated)
(127,041 real changes made)
(85,218 real changes made)
(269,206 missing values generated)
(30,246 real changes made)
(81,267 real changes made)
(69,256 real changes made)
(39,845 real changes made)
(33,990 real changes made)
(1,858 real changes made)
(362 real changes made)
file /var/folders/9y/pvp4l29s0737335xr1nwfp_00000gn/T//St81781.000009 saved as .dta format

Duplicates in terms of folioviv

(1,242 observations deleted)
(0 real changes made)
(0 real changes made)
file /var/folders/9y/pvp4l29s0737335xr1nwfp_00000gn/T//St81781.00000a saved as .dta format

Duplicates in terms of folioviv

(0 observations are duplicates)
file /var/folders/9y/pvp4l29s0737335xr1nwfp_00000gn/T//St81781.00000b saved as .dta format
(j = 1 2)

Data                               Long   ->   Wide
-----------------------------------------------------------------------------
Number of observations          139,933   ->   127,638     
Number of variables                  33   ->   61          
j variable (2 values)        id_trabajo   ->   (dropped)
xij variables:
                                  htrab   ->   htrab1 htrab2
                                  scian   ->   scian1 scian2
                                  sinco   ->   sinco1 sinco2
                                  subor   ->   subor1 subor2
                                  indep   ->   indep1 indep2
                               personal   ->   personal1 personal2
                                   pago   ->   pago1 pago2
                               contrato   ->   contrato1 contrato2
                              tipocontr   ->   tipocontr1 tipocontr2
                            incapacidad   ->   incapacidad1 incapacidad2
                              aguinaldo   ->   aguinaldo1 aguinaldo2
                             vacaciones   ->   vacaciones1 vacaciones2
                             utilidades   ->   utilidades1 utilidades2
                       credito_vivienda   ->   credito_vivienda1 credito_vivienda2
                             guarderias   ->   guarderias1 guarderias2
                    cuidados_parentales   ->   cuidados_parentales1 cuidados_parentales2
                              sar_afore   ->   sar_afore1 sar_afore2
                            seguro_vida   ->   seguro_vida1 seguro_vida2
                              prestamos   ->   prestamos1 prestamos2
                       prima_vacacional   ->   prima_vacacional1 prima_vacacional2
                                  becas   ->   becas1 becas2
                                comedor   ->   comedor1 comedor2
                                fonacot   ->   fonacot1 fonacot2
                               despensa   ->   despensa1 despensa2
                     servicios_publicos   ->   servicios_publicos1 servicios_publicos2
                      pension_invalidez   ->   pension_invalidez1 pension_invalidez2
                        pension_familia   ->   pension_familia1 pension_familia2
                     otras_prestaciones   ->   otras_prestaciones1 otras_prestaciones2
                       sin_prestaciones   ->   sin_prestaciones1 sin_prestaciones2
-----------------------------------------------------------------------------
(115,343 missing values generated)
(0 real changes made)
(87,628 real changes made)
(0 real changes made)
(127,220 real changes made)
(46,210 real changes made)
(81,428 real changes made)
(575 real changes made)
(127,063 real changes made)
(39,753 real changes made)
(87,885 real changes made)
(393 real changes made)
(127,245 real changes made)
(23,060 real changes made)
(104,578 real changes made)
(159 real changes made)
(127,479 real changes made)
(31,485 real changes made)
(96,153 real changes made)
(296 real changes made)
(127,342 real changes made)
(14,670 real changes made)
(112,968 real changes made)
(188 real changes made)
(127,450 real changes made)
(16,674 real changes made)
(110,964 real changes made)
(201 real changes made)
(127,437 real changes made)
(33,069 real changes made)
(94,569 real changes made)
(294 real changes made)
(127,344 real changes made)
(22,355 real changes made)
(105,283 real changes made)
(242 real changes made)
(127,396 real changes made)
(24,728 real changes made)
(102,910 real changes made)
(283 real changes made)
(127,355 real changes made)
(29,835 real changes made)
(97,803 real changes made)
(302 real changes made)
(127,336 real changes made)
(10,060 real changes made)
(117,578 real changes made)
(146 real changes made)
(127,492 real changes made)
(11,299 real changes made)
(116,339 real changes made)
(118 real changes made)
(127,520 real changes made)
(13,842 real changes made)
(113,796 real changes made)
(110 real changes made)
(127,528 real changes made)
(12,178 real changes made)
(115,460 real changes made)
(113 real changes made)
(127,525 real changes made)
(1,500 real changes made)
(126,138 real changes made)
(20 real changes made)
(127,618 real changes made)
(21,272 real changes made)
(106,366 real changes made)
(231 real changes made)
(127,407 real changes made)
(19,082 real changes made)
(108,556 real changes made)
(219 real changes made)
(127,419 real changes made)
(980 real changes made)
(126,658 real changes made)
(19 real changes made)
(127,619 real changes made)
(42,825 real changes made)
(84,813 real changes made)
(3,720 real changes made)
(123,918 real changes made)
file /var/folders/9y/pvp4l29s0737335xr1nwfp_00000gn/T//St81781.00000c saved as .dta format
file /var/folders/9y/pvp4l29s0737335xr1nwfp_00000gn/T//St81781.00000d saved as .dta format
(348,487 missing values generated)
(93,476 real changes made)
(43,166 real changes made)
(45,208 real changes made)
(80,989 real changes made)
(1,523 real changes made)
(0 real changes made)
(2,968 real changes made)
(1,739 real changes made)
(6,051 real changes made)
(25,009 real changes made)
(4,439 real changes made)
(4,117 real changes made)
(22,377 real changes made)
(17,425 real changes made)
(0 observations deleted)
(j = 1 2 3 4 5 6)

Data                               Wide   ->   Long
-----------------------------------------------------------------------------
Number of observations          348,487   ->   2,090,922   
Number of variables                  18   ->   9           
j variable (6 values)                     ->   slot
xij variables:
                  ing_1 ing_2 ... ing_6   ->   ing_
                  mes_1 mes_2 ... mes_6   ->   mes_
-----------------------------------------------------------------------------
(330,564 real changes made)
(330,564 observations deleted)
(0 observations deleted)
(j = fin_capital gov_transfers negocio non_wage_income other rentas ventas wages)

Data                               Long   ->   Wide
-----------------------------------------------------------------------------
Number of observations        1,604,778   ->   1,094,562   
Number of variables                   6   ->   12          
j variable (8 values)       clave_group   ->   (dropped)
xij variables:
                                ing_nom   ->   ing_nomfin_capital ing_nomgov_transfers ... ing_nomwages
-----------------------------------------------------------------------------
(536,772 real changes made)
(935,568 real changes made)
(663,264 real changes made)
(1,076,934 real changes made)
(1,049,544 real changes made)
(937,386 real changes made)
(1,070,520 real changes made)
(881,730 real changes made)
file /var/folders/9y/pvp4l29s0737335xr1nwfp_00000gn/T//St81781.00000e saved as .dta format

    Result                      Number of obs
    -----------------------------------------
    Not matched                        86,779
        from master                         0  (_merge==1)
        from using                     86,779  (_merge==2)

    Matched                         1,094,562  (_merge==3)
    -----------------------------------------

    Result                      Number of obs
    -----------------------------------------
    Not matched                       436,223
        from master                   436,223  (_merge==1)
        from using                          0  (_merge==2)

    Matched                           745,118  (_merge==3)
    -----------------------------------------

    Result                      Number of obs
    -----------------------------------------
    Not matched                       681,418
        from master                   681,418  (_merge==1)
        from using                          0  (_merge==2)

    Matched                           499,923  (_merge==3)
    -----------------------------------------

    Result                      Number of obs
    -----------------------------------------
    Not matched                             0
    Matched                         1,181,341  (_merge==3)
    -----------------------------------------

    Result                      Number of obs
    -----------------------------------------
    Not matched                             0
    Matched                         1,181,341  (_merge==3)
    -----------------------------------------
file /var/folders/9y/pvp4l29s0737335xr1nwfp_00000gn/T//St81781.00000f saved as .dta format

Processing ENIGH 2020 …
(315,743 missing values generated)
(153,566 real changes made)
(162,177 real changes made)
(315,743 missing values generated)
(96,354 real changes made)
(206,682 real changes made)
(315,743 missing values generated)
(19,728 real changes made)
(283,308 real changes made)
(315,743 missing values generated)
(7,623 real changes made)
(275,685 real changes made)
(315,743 missing values generated)
(87,256 real changes made)
(215,780 real changes made)
(315,743 missing values generated)
(143,024 real changes made)
(172,719 real changes made)
(315,743 missing values generated)
(106,334 real changes made)
(209,409 real changes made)
(315,743 missing values generated)
(147,236 real changes made)
(106,987 real changes made)
(315,743 missing values generated)
(32,570 real changes made)
(92,168 real changes made)
(80,767 real changes made)
(50,114 real changes made)
(44,340 real changes made)
(2,531 real changes made)
(543 real changes made)
file /var/folders/9y/pvp4l29s0737335xr1nwfp_00000gn/T//St81781.00000g saved as .dta format

Duplicates in terms of folioviv

(1,252 observations deleted)
(0 real changes made)
(0 real changes made)
file /var/folders/9y/pvp4l29s0737335xr1nwfp_00000gn/T//St81781.00000h saved as .dta format

Duplicates in terms of folioviv

(0 observations are duplicates)
file /var/folders/9y/pvp4l29s0737335xr1nwfp_00000gn/T//St81781.00000i saved as .dta format
(j = 1 2)

Data                               Long   ->   Wide
-----------------------------------------------------------------------------
Number of observations          164,876   ->   149,387     
Number of variables                  33   ->   61          
j variable (2 values)        id_trabajo   ->   (dropped)
xij variables:
                                  htrab   ->   htrab1 htrab2
                                  scian   ->   scian1 scian2
                                  sinco   ->   sinco1 sinco2
                                  subor   ->   subor1 subor2
                                  indep   ->   indep1 indep2
                               personal   ->   personal1 personal2
                                   pago   ->   pago1 pago2
                               contrato   ->   contrato1 contrato2
                              tipocontr   ->   tipocontr1 tipocontr2
                            incapacidad   ->   incapacidad1 incapacidad2
                              aguinaldo   ->   aguinaldo1 aguinaldo2
                             vacaciones   ->   vacaciones1 vacaciones2
                             utilidades   ->   utilidades1 utilidades2
                       credito_vivienda   ->   credito_vivienda1 credito_vivienda2
                             guarderias   ->   guarderias1 guarderias2
                    cuidados_parentales   ->   cuidados_parentales1 cuidados_parentales2
                              sar_afore   ->   sar_afore1 sar_afore2
                            seguro_vida   ->   seguro_vida1 seguro_vida2
                              prestamos   ->   prestamos1 prestamos2
                       prima_vacacional   ->   prima_vacacional1 prima_vacacional2
                                  becas   ->   becas1 becas2
                                comedor   ->   comedor1 comedor2
                                fonacot   ->   fonacot1 fonacot2
                               despensa   ->   despensa1 despensa2
                     servicios_publicos   ->   servicios_publicos1 servicios_publicos2
                      pension_invalidez   ->   pension_invalidez1 pension_invalidez2
                        pension_familia   ->   pension_familia1 pension_familia2
                     otras_prestaciones   ->   otras_prestaciones1 otras_prestaciones2
                       sin_prestaciones   ->   sin_prestaciones1 sin_prestaciones2
-----------------------------------------------------------------------------
(133,898 missing values generated)
(0 real changes made)
(102,943 real changes made)
(0 real changes made)
(148,922 real changes made)
(53,740 real changes made)
(95,647 real changes made)
(641 real changes made)
(148,746 real changes made)
(46,421 real changes made)
(102,966 real changes made)
(441 real changes made)
(148,946 real changes made)
(26,124 real changes made)
(123,263 real changes made)
(162 real changes made)
(149,225 real changes made)
(37,015 real changes made)
(112,372 real changes made)
(313 real changes made)
(149,074 real changes made)
(17,648 real changes made)
(131,739 real changes made)
(196 real changes made)
(149,191 real changes made)
(21,206 real changes made)
(128,181 real changes made)
(228 real changes made)
(149,159 real changes made)
(38,193 real changes made)
(111,194 real changes made)
(313 real changes made)
(149,074 real changes made)
(26,413 real changes made)
(122,974 real changes made)
(258 real changes made)
(149,129 real changes made)
(28,331 real changes made)
(121,056 real changes made)
(292 real changes made)
(149,095 real changes made)
(34,990 real changes made)
(114,397 real changes made)
(311 real changes made)
(149,076 real changes made)
(11,623 real changes made)
(137,764 real changes made)
(138 real changes made)
(149,249 real changes made)
(13,005 real changes made)
(136,382 real changes made)
(123 real changes made)
(149,264 real changes made)
(15,510 real changes made)
(133,877 real changes made)
(126 real changes made)
(149,261 real changes made)
(13,849 real changes made)
(135,538 real changes made)
(120 real changes made)
(149,267 real changes made)
(1,733 real changes made)
(147,654 real changes made)
(20 real changes made)
(149,367 real changes made)
(24,111 real changes made)
(125,276 real changes made)
(228 real changes made)
(149,159 real changes made)
(21,623 real changes made)
(127,764 real changes made)
(213 real changes made)
(149,174 real changes made)
(1,174 real changes made)
(148,213 real changes made)
(23 real changes made)
(149,364 real changes made)
(46,751 real changes made)
(102,636 real changes made)
(4,403 real changes made)
(144,984 real changes made)
file /var/folders/9y/pvp4l29s0737335xr1nwfp_00000gn/T//St81781.00000j saved as .dta format
file /var/folders/9y/pvp4l29s0737335xr1nwfp_00000gn/T//St81781.00000k saved as .dta format
(394,912 missing values generated)
(105,036 real changes made)
(45,815 real changes made)
(54,481 real changes made)
(48,079 real changes made)
(33,272 real changes made)
(918 real changes made)
(3,601 real changes made)
(2,153 real changes made)
(7,260 real changes made)
(31,372 real changes made)
(5,398 real changes made)
(7,071 real changes made)
(25,724 real changes made)
(24,732 real changes made)
(0 observations deleted)
(j = 1 2 3 4 5 6)

Data                               Wide   ->   Long
-----------------------------------------------------------------------------
Number of observations          394,912   ->   2,369,472   
Number of variables                  18   ->   9           
j variable (6 values)                     ->   slot
xij variables:
                  ing_1 ing_2 ... ing_6   ->   ing_
                  mes_1 mes_2 ... mes_6   ->   mes_
-----------------------------------------------------------------------------
(396,366 real changes made)
(396,366 observations deleted)
(0 observations deleted)
(j = fin_capital gov_transfers negocio non_wage_income other rentas ventas wages)

Data                               Long   ->   Wide
-----------------------------------------------------------------------------
Number of observations        1,797,690   ->   1,225,866   
Number of variables                   6   ->   12          
j variable (8 values)       clave_group   ->   (dropped)
xij variables:
                                ing_nom   ->   ing_nomfin_capital ing_nomgov_transfers ... ing_nomwages
-----------------------------------------------------------------------------
(598,446 real changes made)
(1,057,908 real changes made)
(804,528 real changes made)
(1,204,416 real changes made)
(1,171,116 real changes made)
(1,028,442 real changes made)
(1,184,640 real changes made)
(959,742 real changes made)
file /var/folders/9y/pvp4l29s0737335xr1nwfp_00000gn/T//St81781.00000l saved as .dta format

    Result                      Number of obs
    -----------------------------------------
    Not matched                       111,432
        from master                         0  (_merge==1)
        from using                    111,432  (_merge==2)

    Matched                         1,225,866  (_merge==3)
    -----------------------------------------

    Result                      Number of obs
    -----------------------------------------
    Not matched                       474,031
        from master                   474,031  (_merge==1)
        from using                          0  (_merge==2)

    Matched                           863,267  (_merge==3)
    -----------------------------------------

    Result                      Number of obs
    -----------------------------------------
    Not matched                       899,744
        from master                   899,744  (_merge==1)
        from using                          0  (_merge==2)

    Matched                           437,554  (_merge==3)
    -----------------------------------------

    Result                      Number of obs
    -----------------------------------------
    Not matched                             0
    Matched                         1,337,298  (_merge==3)
    -----------------------------------------

    Result                      Number of obs
    -----------------------------------------
    Not matched                             0
    Matched                         1,337,298  (_merge==3)
    -----------------------------------------
file /var/folders/9y/pvp4l29s0737335xr1nwfp_00000gn/T//St81781.00000m saved as .dta format

Processing ENIGH 2022 …
(309,684 missing values generated)
(149,520 real changes made)
(160,164 real changes made)
(309,684 missing values generated)
(85,928 real changes made)
(212,284 real changes made)
(309,684 missing values generated)
(20,296 real changes made)
(277,916 real changes made)
(309,684 missing values generated)
(7,323 real changes made)
(270,593 real changes made)
(309,684 missing values generated)
(85,012 real changes made)
(213,200 real changes made)
(309,684 missing values generated)
(137,514 real changes made)
(172,170 real changes made)
(309,684 missing values generated)
(98,682 real changes made)
(211,002 real changes made)
(309,684 missing values generated)
(149,944 real changes made)
(100,751 real changes made)
(309,684 missing values generated)
(30,690 real changes made)
(87,665 real changes made)
(79,751 real changes made)
(51,059 real changes made)
(45,912 real changes made)
(2,572 real changes made)
(563 real changes made)
file /var/folders/9y/pvp4l29s0737335xr1nwfp_00000gn/T//St81781.00000n saved as .dta format

Duplicates in terms of folioviv

(1,279 observations deleted)
(0 real changes made)
(0 real changes made)
file /var/folders/9y/pvp4l29s0737335xr1nwfp_00000gn/T//St81781.00000o saved as .dta format

Duplicates in terms of folioviv

(0 observations are duplicates)
file /var/folders/9y/pvp4l29s0737335xr1nwfp_00000gn/T//St81781.00000p saved as .dta format
(j = 1 2)

Data                               Long   ->   Wide
-----------------------------------------------------------------------------
Number of observations          165,006   ->   150,682     
Number of variables                  33   ->   61          
j variable (2 values)        id_trabajo   ->   (dropped)
xij variables:
                                  htrab   ->   htrab1 htrab2
                                  scian   ->   scian1 scian2
                                  sinco   ->   sinco1 sinco2
                                  subor   ->   subor1 subor2
                                  indep   ->   indep1 indep2
                               personal   ->   personal1 personal2
                                   pago   ->   pago1 pago2
                               contrato   ->   contrato1 contrato2
                              tipocontr   ->   tipocontr1 tipocontr2
                            incapacidad   ->   incapacidad1 incapacidad2
                              aguinaldo   ->   aguinaldo1 aguinaldo2
                             vacaciones   ->   vacaciones1 vacaciones2
                             utilidades   ->   utilidades1 utilidades2
                       credito_vivienda   ->   credito_vivienda1 credito_vivienda2
                             guarderias   ->   guarderias1 guarderias2
                    cuidados_parentales   ->   cuidados_parentales1 cuidados_parentales2
                              sar_afore   ->   sar_afore1 sar_afore2
                            seguro_vida   ->   seguro_vida1 seguro_vida2
                              prestamos   ->   prestamos1 prestamos2
                       prima_vacacional   ->   prima_vacacional1 prima_vacacional2
                                  becas   ->   becas1 becas2
                                comedor   ->   comedor1 comedor2
                                fonacot   ->   fonacot1 fonacot2
                               despensa   ->   despensa1 despensa2
                     servicios_publicos   ->   servicios_publicos1 servicios_publicos2
                      pension_invalidez   ->   pension_invalidez1 pension_invalidez2
                        pension_familia   ->   pension_familia1 pension_familia2
                     otras_prestaciones   ->   otras_prestaciones1 otras_prestaciones2
                       sin_prestaciones   ->   sin_prestaciones1 sin_prestaciones2
-----------------------------------------------------------------------------
(136,358 missing values generated)
(0 real changes made)
(101,933 real changes made)
(0 real changes made)
(150,251 real changes made)
(56,130 real changes made)
(94,552 real changes made)
(610 real changes made)
(150,072 real changes made)
(49,357 real changes made)
(101,325 real changes made)
(413 real changes made)
(150,269 real changes made)
(29,542 real changes made)
(121,140 real changes made)
(149 real changes made)
(150,533 real changes made)
(38,867 real changes made)
(111,815 real changes made)
(286 real changes made)
(150,396 real changes made)
(19,010 real changes made)
(131,672 real changes made)
(198 real changes made)
(150,484 real changes made)
(22,024 real changes made)
(128,658 real changes made)
(236 real changes made)
(150,446 real changes made)
(40,077 real changes made)
(110,605 real changes made)
(296 real changes made)
(150,386 real changes made)
(27,724 real changes made)
(122,958 real changes made)
(228 real changes made)
(150,454 real changes made)
(29,140 real changes made)
(121,542 real changes made)
(263 real changes made)
(150,419 real changes made)
(37,173 real changes made)
(113,509 real changes made)
(299 real changes made)
(150,383 real changes made)
(11,520 real changes made)
(139,162 real changes made)
(128 real changes made)
(150,554 real changes made)
(13,659 real changes made)
(137,023 real changes made)
(95 real changes made)
(150,587 real changes made)
(17,016 real changes made)
(133,666 real changes made)
(101 real changes made)
(150,581 real changes made)
(14,531 real changes made)
(136,151 real changes made)
(106 real changes made)
(150,576 real changes made)
(1,948 real changes made)
(148,734 real changes made)
(19 real changes made)
(150,663 real changes made)
(25,328 real changes made)
(125,354 real changes made)
(236 real changes made)
(150,446 real changes made)
(23,572 real changes made)
(127,110 real changes made)
(207 real changes made)
(150,475 real changes made)
(1,249 real changes made)
(149,433 real changes made)
(27 real changes made)
(150,655 real changes made)
(49,808 real changes made)
(100,874 real changes made)
(4,149 real changes made)
(146,533 real changes made)
file /var/folders/9y/pvp4l29s0737335xr1nwfp_00000gn/T//St81781.00000q saved as .dta format
file /var/folders/9y/pvp4l29s0737335xr1nwfp_00000gn/T//St81781.00000r saved as .dta format
(397,182 missing values generated)
(110,402 real changes made)
(51,971 real changes made)
(56,201 real changes made)
(45,981 real changes made)
(39,698 real changes made)
(768 real changes made)
(3,532 real changes made)
(1,666 real changes made)
(5,165 real changes made)
(30,243 real changes made)
(5,481 real changes made)
(4,163 real changes made)
(21,474 real changes made)
(20,437 real changes made)
(0 observations deleted)
(j = 1 2 3 4 5 6)

Data                               Wide   ->   Long
-----------------------------------------------------------------------------
Number of observations          397,182   ->   2,383,092   
Number of variables                  22   ->   13          
j variable (6 values)                     ->   slot
xij variables:
                  ing_1 ing_2 ... ing_6   ->   ing_
                  mes_1 mes_2 ... mes_6   ->   mes_
-----------------------------------------------------------------------------
(419,754 real changes made)
(419,754 observations deleted)
(0 observations deleted)
(j = fin_capital gov_transfers negocio non_wage_income other rentas ventas wages)

Data                               Long   ->   Wide
-----------------------------------------------------------------------------
Number of observations        1,775,718   ->   1,230,840   
Number of variables                   6   ->   12          
j variable (8 values)       clave_group   ->   (dropped)
xij variables:
                                ing_nom   ->   ing_nomfin_capital ing_nomgov_transfers ... ing_nomwages
-----------------------------------------------------------------------------
(571,752 real changes made)
(1,045,968 real changes made)
(800,724 real changes made)
(1,209,834 real changes made)
(1,191,192 real changes made)
(1,040,700 real changes made)
(1,206,360 real changes made)
(1,004,472 real changes made)
file /var/folders/9y/pvp4l29s0737335xr1nwfp_00000gn/T//St81781.00000s saved as .dta format

    Result                      Number of obs
    -----------------------------------------
    Not matched                       104,544
        from master                         0  (_merge==1)
        from using                    104,544  (_merge==2)

    Matched                         1,230,840  (_merge==3)
    -----------------------------------------

    Result                      Number of obs
    -----------------------------------------
    Not matched                       457,517
        from master                   457,517  (_merge==1)
        from using                          0  (_merge==2)

    Matched                           877,867  (_merge==3)
    -----------------------------------------

    Result                      Number of obs
    -----------------------------------------
    Not matched                       831,568
        from master                   831,568  (_merge==1)
        from using                          0  (_merge==2)

    Matched                           503,816  (_merge==3)
    -----------------------------------------

    Result                      Number of obs
    -----------------------------------------
    Not matched                             0
    Matched                         1,335,384  (_merge==3)
    -----------------------------------------

    Result                      Number of obs
    -----------------------------------------
    Not matched                             0
    Matched                         1,335,384  (_merge==3)
    -----------------------------------------
file /var/folders/9y/pvp4l29s0737335xr1nwfp_00000gn/T//St81781.00000t saved as .dta format

Processing ENIGH 2024 …
(308,598 missing values generated)
(148,768 real changes made)
(159,830 real changes made)
(308,598 missing values generated)
(78,089 real changes made)
(219,866 real changes made)
(308,598 missing values generated)
(21,858 real changes made)
(276,097 real changes made)
(308,598 missing values generated)
(7,515 real changes made)
(268,582 real changes made)
(308,598 missing values generated)
(83,477 real changes made)
(214,478 real changes made)
(308,598 missing values generated)
(134,671 real changes made)
(173,927 real changes made)
(308,598 missing values generated)
(95,843 real changes made)
(212,755 real changes made)
(308,598 missing values generated)
(149,572 real changes made)
(102,832 real changes made)
(308,598 missing values generated)
(29,051 real changes made)
(86,446 real changes made)
(79,810 real changes made)
(53,445 real changes made)
(45,570 real changes made)
(473 real changes made)
(2,665 real changes made)
file /var/folders/9y/pvp4l29s0737335xr1nwfp_00000gn/T//St81781.00000u saved as .dta format

Duplicates in terms of folioviv

(1,090 observations deleted)
(0 real changes made)
(0 real changes made)
file /var/folders/9y/pvp4l29s0737335xr1nwfp_00000gn/T//St81781.00000v saved as .dta format

Duplicates in terms of folioviv

(0 observations are duplicates)
file /var/folders/9y/pvp4l29s0737335xr1nwfp_00000gn/T//St81781.00000w saved as .dta format
(j = 1 2)

Data                               Long   ->   Wide
-----------------------------------------------------------------------------
Number of observations          164,325   ->   150,382     
Number of variables                  33   ->   61          
j variable (2 values)        id_trabajo   ->   (dropped)
xij variables:
                                  htrab   ->   htrab1 htrab2
                                  scian   ->   scian1 scian2
                                  sinco   ->   sinco1 sinco2
                                  subor   ->   subor1 subor2
                                  indep   ->   indep1 indep2
                               personal   ->   personal1 personal2
                                   pago   ->   pago1 pago2
                               contrato   ->   contrato1 contrato2
                              tipocontr   ->   tipocontr1 tipocontr2
                            incapacidad   ->   incapacidad1 incapacidad2
                              aguinaldo   ->   aguinaldo1 aguinaldo2
                             vacaciones   ->   vacaciones1 vacaciones2
                             utilidades   ->   utilidades1 utilidades2
                       credito_vivienda   ->   credito_vivienda1 credito_vivienda2
                             guarderias   ->   guarderias1 guarderias2
                    cuidados_parentales   ->   cuidados_parentales1 cuidados_parentales2
                              sar_afore   ->   sar_afore1 sar_afore2
                            seguro_vida   ->   seguro_vida1 seguro_vida2
                              prestamos   ->   prestamos1 prestamos2
                       prima_vacacional   ->   prima_vacacional1 prima_vacacional2
                                  becas   ->   becas1 becas2
                                comedor   ->   comedor1 comedor2
                                fonacot   ->   fonacot1 fonacot2
                               despensa   ->   despensa1 despensa2
                     servicios_publicos   ->   servicios_publicos1 servicios_publicos2
                      pension_invalidez   ->   pension_invalidez1 pension_invalidez2
                        pension_familia   ->   pension_familia1 pension_familia2
                     otras_prestaciones   ->   otras_prestaciones1 otras_prestaciones2
                       sin_prestaciones   ->   sin_prestaciones1 sin_prestaciones2
-----------------------------------------------------------------------------
(136,439 missing values generated)
(0 real changes made)
(100,404 real changes made)
(0 real changes made)
(149,940 real changes made)
(57,826 real changes made)
(92,556 real changes made)
(613 real changes made)
(149,769 real changes made)
(50,764 real changes made)
(99,618 real changes made)
(408 real changes made)
(149,974 real changes made)
(30,781 real changes made)
(119,601 real changes made)
(156 real changes made)
(150,226 real changes made)
(39,761 real changes made)
(110,621 real changes made)
(287 real changes made)
(150,095 real changes made)
(19,741 real changes made)
(130,641 real changes made)
(181 real changes made)
(150,201 real changes made)
(23,000 real changes made)
(127,382 real changes made)
(209 real changes made)
(150,173 real changes made)
(40,344 real changes made)
(110,038 real changes made)
(314 real changes made)
(150,068 real changes made)
(27,834 real changes made)
(122,548 real changes made)
(213 real changes made)
(150,169 real changes made)
(29,497 real changes made)
(120,885 real changes made)
(260 real changes made)
(150,122 real changes made)
(37,777 real changes made)
(112,605 real changes made)
(295 real changes made)
(150,087 real changes made)
(11,661 real changes made)
(138,721 real changes made)
(125 real changes made)
(150,257 real changes made)
(14,059 real changes made)
(136,323 real changes made)
(101 real changes made)
(150,281 real changes made)
(17,958 real changes made)
(132,424 real changes made)
(109 real changes made)
(150,273 real changes made)
(14,404 real changes made)
(135,978 real changes made)
(108 real changes made)
(150,274 real changes made)
(1,918 real changes made)
(148,464 real changes made)
(17 real changes made)
(150,365 real changes made)
(24,793 real changes made)
(125,589 real changes made)
(221 real changes made)
(150,161 real changes made)
(23,475 real changes made)
(126,907 real changes made)
(214 real changes made)
(150,168 real changes made)
(1,086 real changes made)
(149,296 real changes made)
(15 real changes made)
(150,367 real changes made)
(48,510 real changes made)
(101,872 real changes made)
(4,175 real changes made)
(146,207 real changes made)
file /var/folders/9y/pvp4l29s0737335xr1nwfp_00000gn/T//St81781.00000x saved as .dta format
file /var/folders/9y/pvp4l29s0737335xr1nwfp_00000gn/T//St81781.000010 saved as .dta format
(391,563 missing values generated)
(110,215 real changes made)
(51,536 real changes made)
(57,752 real changes made)
(43,946 real changes made)
(37,914 real changes made)
(596 real changes made)
(3,171 real changes made)
(1,874 real changes made)
(3,963 real changes made)
(29,535 real changes made)
(4,888 real changes made)
(3,479 real changes made)
(21,264 real changes made)
(21,430 real changes made)
(0 observations deleted)
(j = 1 2 3 4 5 6)

Data                               Wide   ->   Long
-----------------------------------------------------------------------------
Number of observations          391,563   ->   2,349,378   
Number of variables                  22   ->   13          
j variable (6 values)                     ->   slot
xij variables:
                  ing_1 ing_2 ... ing_6   ->   ing_
                  mes_1 mes_2 ... mes_6   ->   mes_
-----------------------------------------------------------------------------
(0 real changes made)
(0 observations deleted)
(0 observations deleted)
(j = fin_capital gov_transfers negocio non_wage_income other rentas ventas wages)

Data                               Long   ->   Wide
-----------------------------------------------------------------------------
Number of observations        1,931,028   ->   1,214,190   
Number of variables                   6   ->   12          
j variable (8 values)       clave_group   ->   (dropped)
xij variables:
                                ing_nom   ->   ing_nomfin_capital ing_nomgov_transfers ... ing_nomwages
-----------------------------------------------------------------------------
(556,014 real changes made)
(834,480 real changes made)
(809,904 real changes made)
(1,195,302 real changes made)
(1,180,260 real changes made)
(1,028,604 real changes made)
(1,193,706 real changes made)
(984,222 real changes made)
file /var/folders/9y/pvp4l29s0737335xr1nwfp_00000gn/T//St81781.000011 saved as .dta format

    Result                      Number of obs
    -----------------------------------------
    Not matched                       106,233
        from master                         0  (_merge==1)
        from using                    106,233  (_merge==2)

    Matched                         1,214,190  (_merge==3)
    -----------------------------------------

    Result                      Number of obs
    -----------------------------------------
    Not matched                       445,651
        from master                   445,651  (_merge==1)
        from using                          0  (_merge==2)

    Matched                           874,772  (_merge==3)
    -----------------------------------------

    Result                      Number of obs
    -----------------------------------------
    Not matched                       875,283
        from master                   875,283  (_merge==1)
        from using                          0  (_merge==2)

    Matched                           445,140  (_merge==3)
    -----------------------------------------

    Result                      Number of obs
    -----------------------------------------
    Not matched                             0
    Matched                         1,320,423  (_merge==3)
    -----------------------------------------

    Result                      Number of obs
    -----------------------------------------
    Not matched                             0
    Matched                         1,320,423  (_merge==3)
    -----------------------------------------
file /var/folders/9y/pvp4l29s0737335xr1nwfp_00000gn/T//St81781.000012 saved as .dta format

. 
. *************************************************
. **************** Stack all years *****************
. *************************************************
. 
. clear

. local first : word 1 of `years'

. use `yr_`first'', clear

. foreach yr of local years {
  2.     if `yr' != `first' {
  3.         append using `yr_`yr'', force
  4.     }
  5. }
(note: variable combustible was str1 in the using data, but will be byte now)
(label indlbl already defined)
(note: variable disc2 was str1 in the using data, but will be byte now)
(note: variable disc6 was str1 in the using data, but will be byte now)
(note: variable disc4 was str1 in the using data, but will be byte now)
(note: variable disc5 was str1 in the using data, but will be byte now)
(note: variable disc3 was str1 in the using data, but will be byte now)
(note: variable disc7 was str1 in the using data, but will be byte now)
(label indlbl already defined)
(note: variable disc2 was str1 in the using data, but will be byte now)
(note: variable disc6 was str1 in the using data, but will be byte now)
(note: variable disc4 was str1 in the using data, but will be byte now)
(note: variable disc5 was str1 in the using data, but will be byte now)
(note: variable disc3 was str1 in the using data, but will be byte now)
(note: variable disc7 was str1 in the using data, but will be byte now)
(note: variable combustible was str1 in the using data, but will be byte now)
(variable min_8 was byte, now double to accommodate using data's values)
(label indlbl already defined)
(note: variable disc2 was str1 in the using data, but will be byte now)
(note: variable disc4 was str1 in the using data, but will be byte now)
(note: variable disc6 was str1 in the using data, but will be byte now)
(note: variable disc5 was str1 in the using data, but will be byte now)
(note: variable disc3 was str1 in the using data, but will be byte now)
(note: variable disc7 was str1 in the using data, but will be byte now)
(note: variable combustible was str1 in the using data, but will be byte now)
(label indlbl already defined)

. 
. *************************************************
. *************** Build calendar time **************
. *************************************************
. 
. gen mes_str   = string(month, "%02.0f")

. gen time      = date(string(year) + "-" + mes_str, "YM")
(491,683 missing values generated)

. format time %td

. drop mes_str

. order folioviv foliohog numren year month time

. 
. *************************************************
. **************** Merge deflators *****************
. *************************************************
. 
. merge m:1 time using "`deflators_tf'"

    Result                      Number of obs
    -----------------------------------------
    Not matched                       491,759
        from master                   491,683  (_merge==1)
        from using                         76  (_merge==2)

    Matched                         5,816,118  (_merge==3)
    -----------------------------------------

. drop if _merge == 2
(76 observations deleted)

. drop _merge

. 
. *************************************************
. ************* Real income & logs ****************
. *************************************************
. 
. *** Total ingreso aggregates (real & nominal)
. egen ing_lab_nom = rowtotal(ing_wages_nom ing_non_wage_income_nom)

. egen ing_mon_nom = rowtotal(ing_wages_nom ing_non_wage_income_nom ///
>                             ing_gov_transfers_nom ing_rentas_nom ///
>                             ing_fin_capital_nom ing_negocio_nom ///
>                             ing_ventas_nom ing_other_nom)

. label variable ing_lab_nom "nominal monthly labor income (pesos)"

. label variable ing_mon_nom "nominal monthly monetary income (pesos)"

. 
. *** Real (Aug 2024) = nominal / deflator
. foreach base in wages non_wage_income gov_transfers rentas fin_capital ///
>                 negocio ventas other lab mon {
  2.     gen double ing_`base' = ing_`base'_nom / deflator
  3.     label variable ing_`base' "real monthly `base' income (Aug-2024 pesos)"
  4. }
(491,683 missing values generated)
(491,683 missing values generated)
(491,683 missing values generated)
(491,683 missing values generated)
(491,683 missing values generated)
(491,683 missing values generated)
(491,683 missing values generated)
(491,683 missing values generated)
(491,683 missing values generated)
(491,683 missing values generated)

. 
. *** Logs (real, positive only)
. gen double lnw   = ln(ing_wages)            if ing_wages > 0
(3,600,410 missing values generated)

. gen double lnnwi = ln(ing_non_wage_income)  if ing_non_wage_income > 0
(5,683,697 missing values generated)

. gen double lngt  = ln(ing_gov_transfers)    if ing_gov_transfers > 0
(4,959,889 missing values generated)

. gen double lnr   = ln(ing_rentas)           if ing_rentas > 0
(6,227,455 missing values generated)

. gen double lnfc  = ln(ing_fin_capital)      if ing_fin_capital > 0
(6,248,331 missing values generated)

. gen double lnn   = ln(ing_negocio)          if ing_negocio > 0
(5,515,637 missing values generated)

. gen double lnv   = ln(ing_ventas)           if ing_ventas > 0
(6,277,722 missing values generated)

. gen double lno   = ln(ing_other)            if ing_other > 0
(5,689,011 missing values generated)

. gen double lni   = ln(ing_lab)              if ing_lab > 0
(3,521,664 missing values generated)

. gen double lnmon = ln(ing_mon)              if ing_mon > 0
(1,371,455 missing values generated)

. 
. label variable lnw   "Log Real Wages"

. label variable lnnwi "Log Real Non-Wage Income"

. label variable lngt  "Log Real Government Transfers"

. label variable lnr   "Log Real Rental Income"

. label variable lnfc  "Log Real Financial Capital Income"

. label variable lnn   "Log Real Business Income"

. label variable lnv   "Log Real Sales Income"

. label variable lno   "Log Real Other Income"

. label variable lni   "Log Real Labor Income"

. label variable lnmon "Log Real Monetary Income"

. 
. *************************************************
. ************ Treatment & Geography ***************
. *************************************************
. 
. apply_state_region
(6,307,801 missing values generated)
(1,033,791 real changes made)
(1,108,717 real changes made)
(392,858 real changes made)
(1,001,793 real changes made)
(1,351,318 real changes made)
(537,923 real changes made)
(344,163 real changes made)
(537,238 real changes made)
(6,307,801 missing values generated)
(2,535,366 real changes made)
(2,353,111 real changes made)
(537,923 real changes made)
(881,401 real changes made)

. apply_zlfn
(53,683 real changes made)
(91,210 real changes made)
(18,699 real changes made)
(82,070 real changes made)
(9,213 real changes made)
(0 real changes made)
(13,332 real changes made)
(439 real changes made)
(278 real changes made)
(2,507 real changes made)
(2,779 real changes made)
(1,252 real changes made)
(11,930 real changes made)
(1,082 real changes made)
(0 real changes made)
(2,046 real changes made)
(0 real changes made)
(1,687 real changes made)
(2,279 real changes made)
(87,628 real changes made)
(185 real changes made)
(2,745 real changes made)
(1,902 real changes made)
(0 real changes made)
(1,926 real changes made)
(0 real changes made)
(5,006 real changes made)
(743 real changes made)
(4,565 real changes made)
(1,648 real changes made)
(0 real changes made)
(12,731 real changes made)
(2,837 real changes made)
(13,702 real changes made)
(0 real changes made)
(265 real changes made)
(509 real changes made)
(0 real changes made)
(0 real changes made)
(0 real changes made)
(1,460 real changes made)
(19,369 real changes made)
(296 real changes made)
(750 real changes made)
(15,252 real changes made)
(22,482 real changes made)
(4,419 real changes made)
(4,639 real changes made)

. 
. gen byte post = (year > 2018)

. label variable post      "Post-Treatment (year > 2018)"

. gen byte treat_post = zlfn * post

. label variable treat_post "ZLFN × Post"

. 
. *************************************************
. ************* Derived demographics **************
. *************************************************
. 
. gen edad_pob = edad

. label variable edad_pob "age (alias for edad)"

. gen edadsq    = edad * edad

. label variable edadsq    "age squared"

. 
. gen byte female = 1 - gender

. label variable female "1=Female, 0=Male"

. 
. label variable factor   "household sampling weight"

. label variable upm      "primary sampling unit"

. label variable est_dis  "sampling stratum"

. label variable smg      "general minimum wage (nominal)"

. label variable deflator "INPC deflator (1.0 = Aug 2024)"

. 
. *************************************************
. **************** Sample Select *******************
. *************************************************
. 
. drop if missing(time)
(491,683 observations deleted)

. drop if edad <= 12 | missing(edad)
(411,312 observations deleted)

. 
. *************************************************
. *************** Order & Save *********************
. *************************************************
. 
. order folioviv foliohog numren year month time ///
>       ubica_geo state ent_name reg_num reg_name macro_num macro_name ///
>       tam_loc factor upm est_dis ///
>       zlfn post treat_post ///
>       gender female edad edad_pob edadsq years_of_study hoursworked ///
>       employed school_attendance motherhome fatherhome ///
>       etnia indspeaker indund ///
>       ing_wages_nom ing_wages ing_non_wage_income_nom ing_non_wage_income ///
>       ing_gov_transfers_nom ing_gov_transfers ing_rentas_nom ing_rentas ///
>       ing_fin_capital_nom ing_fin_capital ing_negocio_nom ing_negocio ///
>       ing_ventas_nom ing_ventas ing_other_nom ing_other ///
>       ing_lab_nom ing_lab ing_mon_nom ing_mon ///
>       lnw lnnwi lngt lnr lnfc lnn lnv lno lni lnmon ///
>       deflator

. 
. sort folioviv foliohog numren year month

. 
. *** Generate new_id (a string concat of HH + person identifiers) so analysis
. *** scripts can join in additional poblacion / trabajos rows by a single key.
. cap drop new_id

. egen new_id = concat(folioviv foliohog numren)

. label variable new_id "individual ID = folioviv+foliohog+numren"

. order new_id, after(numren)

. 
. *** Apply value labels to every categorical column (Yes/No, sex, parentesco,
. *** education, marital, languages, dwelling, materials, water, electricity,
. *** combustible, drainage, tenure, locality size, est_socio, clase_hog, pea,
. *** clas_emp, tipocontr, indlang, disc1, causa_*, inst_*, etc.).
. apply_all_labels

. 
. compress
  variable year was float now int
  variable time was float now int
  variable state was float now byte
  variable edad_pob was float now int
  variable edadsq was float now int
  variable years_of_study was float now byte
  variable ind1 was float now byte
  variable ind2 was float now byte
  variable factor was double now int
  variable edad was double now int
  variable hoursworked was double now int
  variable ing_wages_nom was double now long
  variable ing_non_wage_income_nom was double now long
  variable ing_gov_transfers_nom was double now long
  variable ing_rentas_nom was double now long
  variable ing_fin_capital_nom was double now long
  variable ing_negocio_nom was double now long
  variable ing_ventas_nom was double now long
  variable ing_other_nom was double now long
  variable ss_aa was double now byte
  variable ss_mm was double now byte
  variable min_1 was double now byte
  variable hor_2 was double now int
  variable min_2 was double now byte
  variable hor_3 was double now byte
  variable min_3 was double now byte
  variable hor_4 was double now byte
  variable min_4 was double now byte
  variable hor_5 was double now byte
  variable min_5 was double now byte
  variable hor_6 was double now byte
  variable min_6 was double now byte
  variable hor_7 was double now byte
  variable min_7 was double now byte
  variable hor_8 was double now byte
  variable min_8 was double now byte
  variable hh_lug was double now byte
  variable mm_lug was double now byte
  variable hh_esp was double now byte
  variable mm_esp was double now byte
  variable hijos_viv was double now byte
  variable hijos_mue was double now byte
  variable hijos_sob was double now byte
  variable hours1 was double now int
  variable hours2 was double now int
  variable antiguedad was double now byte
  variable cuart_dorm was double now byte
  variable num_cuarto was double now byte
  variable renta was double now long
  variable estim_pago was double now long
  variable pago_viv was double now long
  variable tot_resid was double now byte
  variable tot_hom was double now byte
  variable tot_muj was double now byte
  variable tot_hog was double now byte
  variable ubica_geo was str9 now str5
  (1,697,109,084 bytes saved)

. save "../../data/clean/enigh/enigh-indlevel-month.dta", replace
(file ../../data/clean/enigh/enigh-indlevel-month.dta not found)
file ../../data/clean/enigh/enigh-indlevel-month.dta saved

. 
. display _n "Saved enigh-indlevel-month.dta with " _N " observations and " c(k) " variables."

Saved enigh-indlevel-month.dta with 5404806 observations and 346 variables.

. 
. cap log close

. 
end of do-file
